,Tourist_ID,Country_Visited,City_Visited,Mode_of_Travel,Travel_Duration_Days,Number_of_Companions,Total_Travel_Cost,Accommodation_Type,Main_Purpose,Season_of_Visit,lat,long
0,1,Germany,Hamburg,Flight,8,4,1060,Hotel,Family Visit,Summer,53.550341,10.000654
1,2,Germany,Berlin,Car,16,3,3972,Hostel,Family Visit,Winter,52.510885,13.3989367
2,3,UK,Manchester,Bicycle,8,2,666,Camping,Business,Winter,53.4794892,-2.2451148
3,4,Greece,Thessaloniki,Bicycle,12,3,3644,Hotel,Business,Summer,40.6403167,22.9352716
4,5,Greece,Thessaloniki,Flight,5,3,1885,Airbnb,Leisure,Spring,40.6403167,22.9352716
5,6,Greece,Athens,Bicycle,3,4,2633,Hostel,Family Visit,Summer,37.9755648,23.7348324
6,7,Portugal,Lisbon,Bus,2,4,3585,Hostel,Leisure,Winter,38.7077507,-9.1365919
7,8,Greece,Athens,Train,13,1,674,Camping,Leisure,Winter,37.9755648,23.7348324
8,9,Portugal,Faro,Bus,11,4,2947,Camping,Leisure,Winter,37.24480855,-8.150756196275431
9,10,UK,Manchester,Flight,17,3,2099,Hostel,Business,Summer,53.4794892,-2.2451148
10,11,Portugal,Lisbon,Flight,4,5,4090,Hostel,Business,Summer,38.7077507,-9.1365919
11,12,Greece,Athens,Flight,8,5,3088,Airbnb,Family Visit,Spring,37.9755648,23.7348324
12,13,Spain,Madrid,Car,8,2,2635,Hostel,Business,Summer,40.4167047,-3.7035825
13,14,Austria,Salzburg,Bus,15,2,2241,Camping,Business,Summer,47.7981346,13.0464806
14,15,Germany,Berlin,Train,10,2,2812,Hostel,Family Visit,Winter,52.510885,13.3989367
15,16,Portugal,Lisbon,Flight,3,4,1678,Hotel,Business,Fall,38.7077507,-9.1365919
16,17,UK,London,Train,13,5,975,Airbnb,Business,Spring,51.5074456,-0.1277653
17,18,Italy,Rome,Train,16,3,3352,Airbnb,Business,Summer,41.8933203,12.4829321
18,19,Netherlands,Utrecht,Train,5,2,4143,Camping,Business,Spring,52.0907006,5.1215634
19,20,France,Paris,Bus,5,2,1221,Hotel,Leisure,Spring,48.8534951,2.3483915
20,21,Switzerland,Lucerne,Car,7,2,4043,Hotel,Family Visit,Spring,47.0505452,8.3054682
21,22,Portugal,Porto,Train,19,2,361,Hostel,Leisure,Fall,41.23668845,-8.302018317104206
22,23,Germany,Hamburg,Bus,11,4,3542,Airbnb,Leisure,Summer,53.550341,10.000654
23,24,Italy,Rome,Train,9,4,1216,Hostel,Family Visit,Fall,41.8933203,12.4829321
24,25,Greece,Athens,Bicycle,9,5,537,Airbnb,Business,Winter,37.9755648,23.7348324
25,26,France,Lyon,Flight,16,5,4193,Hostel,Family Visit,Winter,45.7578137,4.8320114
26,27,Greece,Athens,Train,14,1,2262,Airbnb,Business,Summer,37.9755648,23.7348324
27,28,UK,Edinburgh,Bus,14,1,2768,Hostel,Leisure,Spring,55.9533456,-3.1883749
28,29,UK,London,Bicycle,2,4,2895,Hostel,Leisure,Summer,51.5074456,-0.1277653
29,30,Germany,Berlin,Car,12,3,591,Hotel,Leisure,Spring,52.510885,13.3989367
30,31,Netherlands,Utrecht,Flight,4,3,4674,Hostel,Family Visit,Fall,52.0907006,5.1215634
31,32,Spain,Seville,Bicycle,6,2,2478,Hostel,Leisure,Summer,37.3886303,-5.9953403
32,33,Spain,Seville,Train,10,4,400,Airbnb,Family Visit,Spring,37.3886303,-5.9953403
33,34,Portugal,Faro,Bus,9,4,3304,Hotel,Business,Summer,37.24480855,-8.150756196275431
34,35,Netherlands,Rotterdam,Flight,17,5,2931,Airbnb,Business,Spring,51.9244424,4.47775
35,36,Austria,Vienna,Flight,9,3,1770,Hostel,Leisure,Summer,48.2083537,16.3725042
36,37,Greece,Santorini,Car,2,3,2890,Hostel,Business,Spring,36.4071112,25.456663652707153
37,38,Austria,Innsbruck,Car,2,5,702,Airbnb,Business,Summer,47.2654296,11.3927685
38,39,Austria,Innsbruck,Bicycle,15,3,4688,Hotel,Family Visit,Winter,47.2654296,11.3927685
39,40,Portugal,Faro,Train,16,2,1684,Airbnb,Leisure,Summer,37.24480855,-8.150756196275431
40,41,Portugal,Faro,Car,20,1,763,Hotel,Family Visit,Fall,37.24480855,-8.150756196275431
41,42,Portugal,Lisbon,Bicycle,5,5,1878,Airbnb,Family Visit,Summer,38.7077507,-9.1365919
42,43,Spain,Seville,Car,12,5,1259,Hotel,Business,Spring,37.3886303,-5.9953403
43,44,Austria,Salzburg,Bicycle,14,3,3514,Airbnb,Leisure,Winter,47.7981346,13.0464806
44,45,Greece,Athens,Train,3,2,1797,Hostel,Business,Winter,37.9755648,23.7348324
45,46,UK,Manchester,Bus,7,4,3827,Airbnb,Leisure,Summer,53.4794892,-2.2451148
46,47,Netherlands,Utrecht,Bus,12,2,2238,Airbnb,Business,Summer,52.0907006,5.1215634
47,48,Portugal,Porto,Bicycle,8,1,1506,Airbnb,Leisure,Summer,41.23668845,-8.302018317104206
48,49,Portugal,Lisbon,Bicycle,14,1,1482,Hotel,Business,Spring,38.7077507,-9.1365919
49,50,Italy,Rome,Flight,8,3,4944,Hostel,Leisure,Winter,41.8933203,12.4829321
50,51,France,Lyon,Car,6,1,4979,Camping,Leisure,Fall,45.7578137,4.8320114
51,52,France,Lyon,Flight,16,3,3645,Hostel,Business,Fall,45.7578137,4.8320114
52,53,Spain,Barcelona,Car,10,4,2053,Camping,Family Visit,Winter,41.3828939,2.1774322
53,54,Portugal,Lisbon,Train,18,2,4859,Camping,Leisure,Fall,38.7077507,-9.1365919
54,55,France,Lyon,Bicycle,13,2,1836,Airbnb,Business,Fall,45.7578137,4.8320114
55,56,Germany,Hamburg,Train,18,1,898,Camping,Family Visit,Fall,53.550341,10.000654
56,57,France,Paris,Flight,18,2,4937,Airbnb,Business,Spring,48.8534951,2.3483915
57,58,Austria,Vienna,Bus,6,1,3674,Airbnb,Business,Spring,48.2083537,16.3725042
58,59,Austria,Vienna,Bicycle,3,5,1907,Camping,Business,Spring,48.2083537,16.3725042
59,60,Switzerland,Zurich,Bicycle,7,4,3710,Hostel,Leisure,Fall,47.3744489,8.5410422
60,61,Germany,Hamburg,Bus,12,3,4696,Camping,Business,Winter,53.550341,10.000654
61,62,France,Nice,Bicycle,7,5,3131,Hotel,Family Visit,Winter,43.7009358,7.2683912
62,63,Switzerland,Geneva,Bicycle,3,3,3782,Hostel,Family Visit,Winter,46.2017559,6.1466014
63,64,Switzerland,Lucerne,Car,17,1,3472,Hostel,Leisure,Spring,47.0505452,8.3054682
64,65,Switzerland,Zurich,Bus,7,5,1994,Camping,Family Visit,Summer,47.3744489,8.5410422
65,66,Switzerland,Geneva,Bicycle,5,3,1569,Airbnb,Leisure,Winter,46.2017559,6.1466014
66,67,Switzerland,Lucerne,Car,4,3,3419,Hotel,Family Visit,Winter,47.0505452,8.3054682
67,68,Portugal,Faro,Flight,8,4,688,Camping,Business,Winter,37.24480855,-8.150756196275431
68,69,UK,Manchester,Train,2,2,3119,Hotel,Leisure,Winter,53.4794892,-2.2451148
69,70,Netherlands,Amsterdam,Bicycle,2,3,4261,Hotel,Business,Fall,52.3730796,4.8924534
70,71,France,Paris,Car,11,3,462,Hotel,Leisure,Spring,48.8534951,2.3483915
71,72,Austria,Vienna,Train,17,2,823,Camping,Family Visit,Fall,48.2083537,16.3725042
72,73,Italy,Rome,Flight,18,2,3923,Airbnb,Leisure,Winter,41.8933203,12.4829321
73,74,Netherlands,Amsterdam,Bicycle,6,5,4290,Hostel,Leisure,Winter,52.3730796,4.8924534
74,75,Spain,Seville,Bicycle,10,1,3370,Hostel,Family Visit,Fall,37.3886303,-5.9953403
75,76,UK,Manchester,Car,20,3,4699,Hotel,Family Visit,Winter,53.4794892,-2.2451148
76,77,Germany,Hamburg,Train,2,4,4882,Camping,Family Visit,Fall,53.550341,10.000654
77,78,Spain,Barcelona,Bus,18,4,1645,Hotel,Business,Winter,41.3828939,2.1774322
78,79,France,Paris,Train,9,4,453,Hotel,Leisure,Winter,48.8534951,2.3483915
79,80,Germany,Hamburg,Train,4,1,298,Hostel,Business,Winter,53.550341,10.000654
80,81,Germany,Hamburg,Bicycle,19,2,3977,Airbnb,Family Visit,Winter,53.550341,10.000654
81,82,Portugal,Porto,Flight,4,5,4267,Airbnb,Family Visit,Fall,41.23668845,-8.302018317104206
82,83,UK,Edinburgh,Flight,2,4,4693,Hostel,Family Visit,Spring,55.9533456,-3.1883749
83,84,Germany,Hamburg,Car,17,4,1727,Airbnb,Leisure,Spring,53.550341,10.000654
84,85,Switzerland,Lucerne,Bicycle,9,3,4696,Airbnb,Family Visit,Fall,47.0505452,8.3054682
85,86,Germany,Berlin,Bicycle,2,4,1154,Hostel,Business,Winter,52.510885,13.3989367
86,87,Switzerland,Zurich,Train,20,5,762,Hostel,Business,Fall,47.3744489,8.5410422
87,88,Italy,Rome,Flight,9,3,425,Hostel,Business,Winter,41.8933203,12.4829321
88,89,Netherlands,Amsterdam,Bus,2,4,1159,Airbnb,Business,Winter,52.3730796,4.8924534
89,90,Spain,Seville,Bus,2,5,3267,Hotel,Business,Winter,37.3886303,-5.9953403
90,91,Switzerland,Zurich,Car,17,3,4842,Airbnb,Family Visit,Summer,47.3744489,8.5410422
91,92,Switzerland,Geneva,Flight,18,1,1443,Airbnb,Business,Fall,46.2017559,6.1466014
92,93,Austria,Innsbruck,Bicycle,15,5,2765,Airbnb,Family Visit,Spring,47.2654296,11.3927685
93,94,Greece,Santorini,Flight,4,4,1260,Hotel,Business,Fall,36.4071112,25.456663652707153
94,95,Portugal,Faro,Car,18,5,806,Airbnb,Family Visit,Spring,37.24480855,-8.150756196275431
95,96,France,Lyon,Train,4,4,1339,Hostel,Family Visit,Spring,45.7578137,4.8320114
96,97,Germany,Berlin,Car,2,3,327,Hostel,Family Visit,Fall,52.510885,13.3989367
97,98,Portugal,Porto,Flight,19,1,769,Airbnb,Business,Fall,41.23668845,-8.302018317104206
98,99,Italy,Rome,Flight,4,2,4214,Airbnb,Leisure,Spring,41.8933203,12.4829321
99,100,UK,Manchester,Bicycle,3,3,2737,Hotel,Leisure,Winter,53.4794892,-2.2451148
100,101,Greece,Thessaloniki,Bicycle,3,2,984,Hotel,Leisure,Fall,40.6403167,22.9352716
101,102,Spain,Barcelona,Train,9,1,4541,Hostel,Leisure,Spring,41.3828939,2.1774322
102,103,Germany,Berlin,Bus,17,5,3006,Airbnb,Family Visit,Fall,52.510885,13.3989367
103,104,Italy,Venice,Bicycle,4,2,2655,Hotel,Business,Winter,45.4371908,12.3345898
104,105,Portugal,Porto,Flight,14,4,3150,Camping,Business,Winter,41.23668845,-8.302018317104206
105,106,Germany,Berlin,Bicycle,5,5,4315,Airbnb,Business,Winter,52.510885,13.3989367
106,107,Greece,Athens,Bus,2,4,1366,Hotel,Business,Fall,37.9755648,23.7348324
107,108,Italy,Milan,Flight,3,2,2974,Hostel,Leisure,Winter,45.4641943,9.1896346
108,109,Netherlands,Amsterdam,Car,20,1,3969,Camping,Leisure,Summer,52.3730796,4.8924534
109,110,Italy,Venice,Bicycle,18,4,4977,Camping,Family Visit,Summer,45.4371908,12.3345898
110,111,Switzerland,Zurich,Car,7,3,2691,Airbnb,Family Visit,Winter,47.3744489,8.5410422
111,112,France,Paris,Flight,6,1,3324,Hotel,Leisure,Summer,48.8534951,2.3483915
112,113,Greece,Santorini,Bicycle,13,4,204,Hotel,Family Visit,Summer,36.4071112,25.456663652707153
113,114,France,Lyon,Flight,8,4,1076,Camping,Business,Fall,45.7578137,4.8320114
114,115,UK,Manchester,Bus,16,3,4564,Airbnb,Family Visit,Winter,53.4794892,-2.2451148
115,116,Portugal,Faro,Flight,19,4,1893,Hotel,Business,Spring,37.24480855,-8.150756196275431
116,117,Greece,Thessaloniki,Bicycle,20,1,319,Airbnb,Leisure,Summer,40.6403167,22.9352716
117,118,Spain,Madrid,Bicycle,20,4,1569,Hotel,Family Visit,Winter,40.4167047,-3.7035825
118,119,Germany,Munich,Bus,6,2,316,Airbnb,Family Visit,Summer,48.1371079,11.5753822
119,120,Greece,Athens,Train,10,4,1212,Camping,Family Visit,Fall,37.9755648,23.7348324
120,121,Germany,Berlin,Car,2,2,4929,Airbnb,Business,Summer,52.510885,13.3989367
121,122,Italy,Venice,Flight,2,2,759,Hotel,Leisure,Fall,45.4371908,12.3345898
122,123,Switzerland,Zurich,Bicycle,9,5,3543,Hotel,Leisure,Spring,47.3744489,8.5410422
123,124,Portugal,Faro,Flight,8,5,2494,Camping,Business,Summer,37.24480855,-8.150756196275431
124,125,Greece,Thessaloniki,Flight,4,4,4449,Camping,Family Visit,Winter,40.6403167,22.9352716
125,126,Germany,Munich,Flight,17,3,2944,Airbnb,Business,Summer,48.1371079,11.5753822
126,127,Spain,Madrid,Bicycle,15,4,3318,Camping,Leisure,Summer,40.4167047,-3.7035825
127,128,Netherlands,Rotterdam,Train,18,4,4748,Hostel,Leisure,Summer,51.9244424,4.47775
128,129,Germany,Berlin,Train,13,2,2679,Hostel,Family Visit,Spring,52.510885,13.3989367
129,130,UK,London,Bicycle,8,4,1957,Hotel,Family Visit,Winter,51.5074456,-0.1277653
130,131,Portugal,Porto,Bus,6,2,3049,Hotel,Business,Spring,41.23668845,-8.302018317104206
131,132,Greece,Athens,Flight,11,2,3930,Hostel,Family Visit,Fall,37.9755648,23.7348324
132,133,Greece,Thessaloniki,Bicycle,2,5,4811,Hotel,Business,Summer,40.6403167,22.9352716
133,134,Portugal,Lisbon,Flight,17,2,4792,Hostel,Business,Fall,38.7077507,-9.1365919
134,135,Portugal,Porto,Car,13,2,3946,Airbnb,Leisure,Summer,41.23668845,-8.302018317104206
135,136,Switzerland,Zurich,Train,2,1,2938,Camping,Family Visit,Spring,47.3744489,8.5410422
136,137,Portugal,Porto,Car,12,5,4113,Hostel,Business,Winter,41.23668845,-8.302018317104206
137,138,Switzerland,Lucerne,Bicycle,12,4,4580,Camping,Business,Spring,47.0505452,8.3054682
138,139,Spain,Seville,Bicycle,14,4,3573,Camping,Family Visit,Fall,37.3886303,-5.9953403
139,140,Germany,Hamburg,Bicycle,3,5,2746,Camping,Family Visit,Summer,53.550341,10.000654
140,141,Netherlands,Amsterdam,Bicycle,19,3,2974,Airbnb,Business,Winter,52.3730796,4.8924534
141,142,Portugal,Lisbon,Bicycle,18,2,975,Hostel,Business,Summer,38.7077507,-9.1365919
142,143,Switzerland,Zurich,Bicycle,11,2,3269,Camping,Family Visit,Spring,47.3744489,8.5410422
143,144,UK,Edinburgh,Flight,3,3,816,Hostel,Family Visit,Summer,55.9533456,-3.1883749
144,145,Greece,Thessaloniki,Bus,8,4,1025,Hotel,Family Visit,Winter,40.6403167,22.9352716
145,146,Portugal,Lisbon,Train,19,5,3346,Hostel,Family Visit,Winter,38.7077507,-9.1365919
146,147,Switzerland,Zurich,Bicycle,5,1,3548,Airbnb,Leisure,Summer,47.3744489,8.5410422
147,148,Switzerland,Lucerne,Train,5,2,2704,Camping,Family Visit,Winter,47.0505452,8.3054682
148,149,Portugal,Porto,Car,4,1,1322,Airbnb,Family Visit,Spring,41.23668845,-8.302018317104206
149,150,Spain,Seville,Bus,17,4,2343,Camping,Family Visit,Winter,37.3886303,-5.9953403
150,151,Austria,Innsbruck,Car,6,4,3640,Camping,Business,Summer,47.2654296,11.3927685
151,152,UK,London,Flight,14,1,3114,Hotel,Business,Fall,51.5074456,-0.1277653
152,153,UK,London,Bicycle,10,1,4152,Hostel,Leisure,Spring,51.5074456,-0.1277653
153,154,Greece,Thessaloniki,Car,17,1,1565,Hostel,Business,Spring,40.6403167,22.9352716
154,155,UK,Edinburgh,Train,14,3,595,Hostel,Business,Summer,55.9533456,-3.1883749
155,156,France,Paris,Bicycle,10,3,4371,Hostel,Family Visit,Summer,48.8534951,2.3483915
156,157,Switzerland,Geneva,Flight,10,4,917,Hotel,Family Visit,Fall,46.2017559,6.1466014
157,158,Greece,Santorini,Car,20,2,343,Camping,Leisure,Summer,36.4071112,25.456663652707153
158,159,Greece,Athens,Flight,6,3,4691,Hostel,Family Visit,Winter,37.9755648,23.7348324
159,160,Switzerland,Geneva,Car,5,5,3422,Hotel,Business,Fall,46.2017559,6.1466014
160,161,Spain,Barcelona,Bus,17,1,1262,Hostel,Leisure,Spring,41.3828939,2.1774322
161,162,Germany,Hamburg,Train,14,5,3182,Airbnb,Leisure,Spring,53.550341,10.000654
162,163,Greece,Thessaloniki,Car,15,2,1356,Airbnb,Family Visit,Summer,40.6403167,22.9352716
163,164,UK,Manchester,Car,4,5,4530,Camping,Leisure,Winter,53.4794892,-2.2451148
164,165,Austria,Salzburg,Bicycle,12,2,1153,Hotel,Leisure,Fall,47.7981346,13.0464806
165,166,Portugal,Porto,Train,13,1,3524,Hotel,Family Visit,Fall,41.23668845,-8.302018317104206
166,167,Italy,Venice,Flight,7,5,1391,Hotel,Business,Fall,45.4371908,12.3345898
167,168,UK,Manchester,Bicycle,11,1,3193,Hostel,Family Visit,Summer,53.4794892,-2.2451148
168,169,Netherlands,Amsterdam,Bicycle,3,5,3436,Hostel,Leisure,Fall,52.3730796,4.8924534
169,170,Austria,Vienna,Bicycle,7,3,3919,Hostel,Leisure,Fall,48.2083537,16.3725042
170,171,Italy,Rome,Bus,17,5,2056,Hostel,Family Visit,Winter,41.8933203,12.4829321
171,172,Austria,Innsbruck,Bicycle,18,1,1524,Hotel,Family Visit,Fall,47.2654296,11.3927685
172,173,Portugal,Porto,Bicycle,5,4,3341,Hostel,Business,Summer,41.23668845,-8.302018317104206
173,174,Italy,Venice,Bus,20,5,3123,Hotel,Business,Spring,45.4371908,12.3345898
174,175,Netherlands,Rotterdam,Flight,8,3,913,Camping,Family Visit,Summer,51.9244424,4.47775
175,176,France,Paris,Flight,20,3,4468,Hotel,Family Visit,Spring,48.8534951,2.3483915
176,177,Austria,Innsbruck,Train,14,2,1443,Camping,Family Visit,Summer,47.2654296,11.3927685
177,178,Germany,Munich,Flight,9,5,1094,Camping,Family Visit,Fall,48.1371079,11.5753822
178,179,Portugal,Porto,Train,10,1,2196,Airbnb,Leisure,Spring,41.23668845,-8.302018317104206
179,180,Austria,Salzburg,Bus,18,1,1023,Camping,Family Visit,Spring,47.7981346,13.0464806
180,181,Portugal,Faro,Flight,2,5,333,Hotel,Business,Summer,37.24480855,-8.150756196275431
181,182,Switzerland,Geneva,Train,13,5,2052,Hotel,Business,Spring,46.2017559,6.1466014
182,183,France,Nice,Car,16,5,4375,Airbnb,Business,Winter,43.7009358,7.2683912
183,184,UK,Manchester,Car,12,4,1450,Hostel,Family Visit,Winter,53.4794892,-2.2451148
184,185,France,Lyon,Bus,20,4,3712,Hostel,Family Visit,Spring,45.7578137,4.8320114
185,186,UK,London,Train,19,1,3576,Hostel,Family Visit,Winter,51.5074456,-0.1277653
186,187,Portugal,Faro,Bus,15,1,1596,Airbnb,Family Visit,Summer,37.24480855,-8.150756196275431
187,188,Spain,Barcelona,Flight,4,1,1553,Airbnb,Family Visit,Winter,41.3828939,2.1774322
188,189,Portugal,Lisbon,Flight,17,4,867,Hotel,Leisure,Spring,38.7077507,-9.1365919
189,190,UK,Edinburgh,Train,9,2,4385,Airbnb,Leisure,Fall,55.9533456,-3.1883749
190,191,Germany,Berlin,Car,9,2,739,Camping,Leisure,Summer,52.510885,13.3989367
191,192,Netherlands,Rotterdam,Bus,6,1,3975,Airbnb,Leisure,Summer,51.9244424,4.47775
192,193,Switzerland,Lucerne,Bus,18,1,2708,Airbnb,Business,Winter,47.0505452,8.3054682
193,194,UK,London,Flight,17,5,3156,Hostel,Leisure,Winter,51.5074456,-0.1277653
194,195,Austria,Vienna,Train,15,3,3524,Camping,Family Visit,Spring,48.2083537,16.3725042
195,196,UK,Manchester,Flight,7,2,455,Airbnb,Business,Fall,53.4794892,-2.2451148
196,197,Netherlands,Utrecht,Bus,6,1,209,Camping,Family Visit,Winter,52.0907006,5.1215634
197,198,Germany,Berlin,Car,19,3,1215,Airbnb,Leisure,Summer,52.510885,13.3989367
198,199,Greece,Thessaloniki,Bicycle,2,1,2393,Hotel,Family Visit,Spring,40.6403167,22.9352716
199,200,France,Lyon,Bus,16,1,4358,Airbnb,Business,Fall,45.7578137,4.8320114
200,201,France,Nice,Bicycle,18,5,4200,Hotel,Family Visit,Spring,43.7009358,7.2683912
201,202,Spain,Madrid,Flight,3,1,710,Hostel,Family Visit,Spring,40.4167047,-3.7035825
202,203,Germany,Berlin,Train,2,5,4813,Hostel,Leisure,Spring,52.510885,13.3989367
203,204,Germany,Hamburg,Bus,18,5,1868,Airbnb,Leisure,Summer,53.550341,10.000654
204,205,Germany,Munich,Car,7,3,1660,Hostel,Family Visit,Winter,48.1371079,11.5753822
205,206,Switzerland,Geneva,Train,6,5,2924,Airbnb,Leisure,Fall,46.2017559,6.1466014
206,207,Italy,Milan,Train,11,2,4378,Airbnb,Business,Spring,45.4641943,9.1896346
207,208,UK,Edinburgh,Train,18,5,2248,Hostel,Business,Summer,55.9533456,-3.1883749
208,209,Austria,Salzburg,Bicycle,20,5,916,Hotel,Business,Summer,47.7981346,13.0464806
209,210,Portugal,Lisbon,Flight,5,1,4783,Hostel,Leisure,Winter,38.7077507,-9.1365919
210,211,Greece,Thessaloniki,Bicycle,3,4,1774,Airbnb,Leisure,Summer,40.6403167,22.9352716
211,212,Italy,Rome,Car,3,3,4162,Hotel,Leisure,Fall,41.8933203,12.4829321
212,213,Portugal,Lisbon,Bus,19,4,2184,Hotel,Business,Winter,38.7077507,-9.1365919
213,214,Portugal,Lisbon,Bus,13,5,3237,Camping,Business,Spring,38.7077507,-9.1365919
214,215,Greece,Santorini,Bicycle,18,5,4181,Hotel,Leisure,Spring,36.4071112,25.456663652707153
215,216,UK,Edinburgh,Flight,3,3,4730,Airbnb,Family Visit,Winter,55.9533456,-3.1883749
216,217,Germany,Munich,Flight,8,4,1529,Hotel,Business,Summer,48.1371079,11.5753822
217,218,France,Paris,Bus,3,2,1558,Hotel,Leisure,Winter,48.8534951,2.3483915
218,219,Austria,Salzburg,Flight,20,2,1531,Hostel,Leisure,Winter,47.7981346,13.0464806
219,220,Greece,Athens,Bicycle,7,1,1558,Camping,Business,Fall,37.9755648,23.7348324
220,221,Italy,Rome,Flight,11,3,2328,Hostel,Business,Spring,41.8933203,12.4829321
221,222,UK,Manchester,Car,6,5,337,Hotel,Family Visit,Fall,53.4794892,-2.2451148
222,223,UK,London,Train,18,2,3032,Camping,Business,Summer,51.5074456,-0.1277653
223,224,France,Paris,Bicycle,6,2,4500,Hostel,Leisure,Fall,48.8534951,2.3483915
224,225,Italy,Venice,Flight,12,3,4023,Camping,Family Visit,Winter,45.4371908,12.3345898
225,226,Netherlands,Rotterdam,Bicycle,12,3,960,Hostel,Business,Summer,51.9244424,4.47775
226,227,Spain,Barcelona,Flight,17,3,3645,Hostel,Family Visit,Fall,41.3828939,2.1774322
227,228,Spain,Madrid,Bus,17,4,4655,Camping,Family Visit,Winter,40.4167047,-3.7035825
228,229,France,Lyon,Flight,5,1,3466,Hostel,Business,Winter,45.7578137,4.8320114
229,230,Switzerland,Lucerne,Flight,4,3,4388,Airbnb,Family Visit,Summer,47.0505452,8.3054682
230,231,Switzerland,Lucerne,Bicycle,19,5,3322,Hostel,Family Visit,Fall,47.0505452,8.3054682
231,232,Switzerland,Geneva,Bicycle,20,5,4899,Hotel,Family Visit,Winter,46.2017559,6.1466014
232,233,Portugal,Faro,Car,11,5,723,Camping,Family Visit,Fall,37.24480855,-8.150756196275431
233,234,Switzerland,Geneva,Flight,15,2,2168,Airbnb,Family Visit,Summer,46.2017559,6.1466014
234,235,France,Paris,Flight,15,2,2496,Hostel,Business,Winter,48.8534951,2.3483915
235,236,France,Lyon,Car,16,1,2461,Camping,Family Visit,Spring,45.7578137,4.8320114
236,237,France,Nice,Train,16,3,3078,Hotel,Family Visit,Summer,43.7009358,7.2683912
237,238,Netherlands,Utrecht,Flight,17,5,4632,Camping,Leisure,Fall,52.0907006,5.1215634
238,239,Italy,Venice,Car,5,1,2255,Airbnb,Business,Summer,45.4371908,12.3345898
239,240,France,Paris,Flight,18,3,1476,Camping,Business,Fall,48.8534951,2.3483915
240,241,Spain,Seville,Bus,16,2,4323,Camping,Family Visit,Spring,37.3886303,-5.9953403
241,242,Portugal,Faro,Train,15,2,564,Hostel,Family Visit,Fall,37.24480855,-8.150756196275431
242,243,Portugal,Lisbon,Bicycle,15,3,1846,Hostel,Business,Fall,38.7077507,-9.1365919
243,244,Spain,Barcelona,Bus,15,3,1731,Airbnb,Business,Winter,41.3828939,2.1774322
244,245,Austria,Salzburg,Train,14,2,2106,Hostel,Family Visit,Winter,47.7981346,13.0464806
245,246,France,Paris,Bicycle,16,1,4780,Hotel,Leisure,Fall,48.8534951,2.3483915
246,247,Austria,Innsbruck,Bicycle,11,1,1496,Airbnb,Leisure,Spring,47.2654296,11.3927685
247,248,Switzerland,Lucerne,Bicycle,8,2,325,Camping,Leisure,Winter,47.0505452,8.3054682
248,249,Italy,Venice,Car,13,1,3796,Airbnb,Family Visit,Spring,45.4371908,12.3345898
249,250,Italy,Rome,Bus,5,2,266,Hostel,Leisure,Fall,41.8933203,12.4829321
250,251,Switzerland,Lucerne,Car,10,5,1369,Camping,Business,Summer,47.0505452,8.3054682
251,252,Germany,Berlin,Train,16,4,4406,Hotel,Leisure,Fall,52.510885,13.3989367
252,253,Spain,Barcelona,Train,3,1,2672,Hotel,Business,Fall,41.3828939,2.1774322
253,254,Austria,Salzburg,Bicycle,6,4,1961,Hostel,Business,Spring,47.7981346,13.0464806
254,255,Austria,Vienna,Flight,14,5,3648,Hotel,Leisure,Spring,48.2083537,16.3725042
255,256,France,Lyon,Bus,2,5,2909,Hostel,Leisure,Winter,45.7578137,4.8320114
256,257,Spain,Seville,Bicycle,7,4,3621,Hostel,Leisure,Fall,37.3886303,-5.9953403
257,258,Portugal,Lisbon,Train,12,1,442,Camping,Leisure,Summer,38.7077507,-9.1365919
258,259,Netherlands,Rotterdam,Bicycle,9,5,2795,Airbnb,Business,Summer,51.9244424,4.47775
259,260,France,Nice,Flight,7,2,667,Airbnb,Family Visit,Winter,43.7009358,7.2683912
260,261,Portugal,Porto,Car,12,4,845,Airbnb,Family Visit,Fall,41.23668845,-8.302018317104206
261,262,Austria,Salzburg,Car,18,3,4489,Camping,Family Visit,Fall,47.7981346,13.0464806
262,263,Greece,Athens,Flight,16,3,1341,Airbnb,Leisure,Winter,37.9755648,23.7348324
263,264,UK,Manchester,Car,5,3,923,Airbnb,Leisure,Spring,53.4794892,-2.2451148
264,265,Greece,Santorini,Bicycle,2,4,4408,Hotel,Business,Summer,36.4071112,25.456663652707153
265,266,France,Lyon,Bicycle,13,1,4949,Hotel,Business,Winter,45.7578137,4.8320114
266,267,Italy,Milan,Bicycle,7,5,2117,Hotel,Leisure,Spring,45.4641943,9.1896346
267,268,Germany,Berlin,Train,12,4,2226,Camping,Family Visit,Summer,52.510885,13.3989367
268,269,Switzerland,Lucerne,Bicycle,4,1,1101,Hotel,Business,Fall,47.0505452,8.3054682
269,270,Germany,Munich,Train,19,2,460,Airbnb,Leisure,Spring,48.1371079,11.5753822
270,271,UK,Manchester,Train,11,4,2260,Airbnb,Family Visit,Fall,53.4794892,-2.2451148
271,272,UK,London,Car,9,2,1819,Airbnb,Family Visit,Winter,51.5074456,-0.1277653
272,273,Germany,Hamburg,Flight,2,5,2576,Camping,Family Visit,Summer,53.550341,10.000654
273,274,Switzerland,Zurich,Bicycle,18,1,2194,Hostel,Business,Spring,47.3744489,8.5410422
274,275,Portugal,Porto,Train,16,3,3877,Camping,Business,Summer,41.23668845,-8.302018317104206
275,276,Netherlands,Rotterdam,Bicycle,18,5,4227,Hostel,Leisure,Summer,51.9244424,4.47775
276,277,France,Lyon,Bicycle,13,2,4629,Hostel,Leisure,Spring,45.7578137,4.8320114
277,278,Netherlands,Rotterdam,Bicycle,12,1,2835,Camping,Leisure,Summer,51.9244424,4.47775
278,279,Germany,Hamburg,Bus,4,3,2760,Airbnb,Leisure,Spring,53.550341,10.000654
279,280,Netherlands,Amsterdam,Train,9,4,4050,Airbnb,Family Visit,Summer,52.3730796,4.8924534
280,281,Italy,Rome,Bicycle,10,5,1514,Hotel,Family Visit,Summer,41.8933203,12.4829321
281,282,Greece,Thessaloniki,Bus,6,5,3098,Camping,Family Visit,Winter,40.6403167,22.9352716
282,283,Greece,Athens,Bicycle,15,2,2821,Airbnb,Family Visit,Spring,37.9755648,23.7348324
283,284,Austria,Vienna,Train,5,1,1265,Hotel,Leisure,Fall,48.2083537,16.3725042
284,285,Portugal,Faro,Flight,19,3,4870,Camping,Leisure,Fall,37.24480855,-8.150756196275431
285,286,Austria,Salzburg,Car,16,1,2912,Hostel,Business,Fall,47.7981346,13.0464806
286,287,Greece,Santorini,Bus,18,1,3254,Camping,Leisure,Fall,36.4071112,25.456663652707153
287,288,Italy,Venice,Flight,3,5,3887,Hotel,Leisure,Winter,45.4371908,12.3345898
288,289,Austria,Vienna,Flight,9,3,3310,Airbnb,Family Visit,Summer,48.2083537,16.3725042
289,290,Portugal,Lisbon,Car,20,3,1402,Hotel,Family Visit,Summer,38.7077507,-9.1365919
290,291,Spain,Barcelona,Car,9,2,2235,Hotel,Business,Fall,41.3828939,2.1774322
291,292,France,Nice,Bus,8,3,619,Camping,Leisure,Summer,43.7009358,7.2683912
292,293,Greece,Thessaloniki,Train,7,1,1320,Hostel,Leisure,Summer,40.6403167,22.9352716
293,294,Germany,Hamburg,Bus,6,3,1150,Camping,Business,Summer,53.550341,10.000654
294,295,Italy,Milan,Flight,2,4,2845,Airbnb,Business,Fall,45.4641943,9.1896346
295,296,Netherlands,Utrecht,Bicycle,3,2,4812,Camping,Leisure,Summer,52.0907006,5.1215634
296,297,Switzerland,Zurich,Bicycle,11,1,3053,Hotel,Leisure,Summer,47.3744489,8.5410422
297,298,Italy,Venice,Flight,14,4,3428,Airbnb,Leisure,Summer,45.4371908,12.3345898
298,299,Greece,Thessaloniki,Flight,9,5,3428,Camping,Business,Summer,40.6403167,22.9352716
299,300,Italy,Rome,Train,16,4,3091,Hostel,Business,Summer,41.8933203,12.4829321
300,301,Germany,Hamburg,Bus,14,2,294,Hotel,Family Visit,Summer,53.550341,10.000654
301,302,Netherlands,Utrecht,Bus,20,3,2155,Hostel,Business,Fall,52.0907006,5.1215634
302,303,Austria,Innsbruck,Train,5,2,2034,Hotel,Family Visit,Summer,47.2654296,11.3927685
303,304,Germany,Berlin,Flight,6,4,4306,Hostel,Family Visit,Winter,52.510885,13.3989367
304,305,UK,Edinburgh,Car,11,2,2549,Hostel,Family Visit,Summer,55.9533456,-3.1883749
305,306,UK,Manchester,Flight,12,4,2465,Airbnb,Leisure,Summer,53.4794892,-2.2451148
306,307,France,Nice,Bicycle,14,2,1184,Airbnb,Business,Summer,43.7009358,7.2683912
307,308,Austria,Innsbruck,Bus,2,4,2930,Hotel,Business,Summer,47.2654296,11.3927685
308,309,Spain,Barcelona,Train,13,4,4651,Hostel,Family Visit,Summer,41.3828939,2.1774322
309,310,Germany,Munich,Train,17,4,3135,Airbnb,Family Visit,Winter,48.1371079,11.5753822
310,311,Spain,Seville,Bus,6,2,3256,Hotel,Leisure,Summer,37.3886303,-5.9953403
311,312,Austria,Innsbruck,Flight,10,3,3733,Hotel,Leisure,Summer,47.2654296,11.3927685
312,313,Portugal,Faro,Bus,9,1,3997,Hostel,Business,Fall,37.24480855,-8.150756196275431
313,314,UK,Manchester,Bicycle,12,1,3061,Airbnb,Family Visit,Winter,53.4794892,-2.2451148
314,315,Portugal,Faro,Train,6,5,3617,Hotel,Business,Summer,37.24480855,-8.150756196275431
315,316,France,Paris,Car,15,4,1405,Hotel,Family Visit,Fall,48.8534951,2.3483915
316,317,France,Paris,Car,2,3,2908,Hotel,Business,Fall,48.8534951,2.3483915
317,318,Italy,Venice,Car,16,1,1532,Hotel,Family Visit,Spring,45.4371908,12.3345898
318,319,Greece,Santorini,Car,10,2,3707,Hostel,Family Visit,Winter,36.4071112,25.456663652707153
319,320,Netherlands,Utrecht,Car,10,3,774,Hostel,Business,Fall,52.0907006,5.1215634
320,321,Portugal,Porto,Car,12,2,3481,Hostel,Family Visit,Fall,41.23668845,-8.302018317104206
321,322,Spain,Barcelona,Flight,3,3,3800,Camping,Leisure,Winter,41.3828939,2.1774322
322,323,Italy,Milan,Car,12,3,1405,Hostel,Business,Winter,45.4641943,9.1896346
323,324,Austria,Vienna,Bus,8,4,3772,Hotel,Family Visit,Summer,48.2083537,16.3725042
324,325,Germany,Berlin,Train,2,1,4580,Hostel,Family Visit,Summer,52.510885,13.3989367
325,326,Austria,Innsbruck,Flight,12,2,2403,Hostel,Business,Summer,47.2654296,11.3927685
326,327,Portugal,Lisbon,Bus,19,5,3320,Airbnb,Business,Fall,38.7077507,-9.1365919
327,328,Spain,Seville,Flight,8,1,3632,Hotel,Leisure,Summer,37.3886303,-5.9953403
328,329,Portugal,Lisbon,Train,18,4,3901,Camping,Leisure,Winter,38.7077507,-9.1365919
329,330,Spain,Seville,Train,9,1,4622,Camping,Business,Fall,37.3886303,-5.9953403
330,331,Austria,Vienna,Flight,2,5,1189,Airbnb,Leisure,Winter,48.2083537,16.3725042
331,332,Netherlands,Rotterdam,Bus,20,3,1151,Hotel,Business,Winter,51.9244424,4.47775
332,333,Switzerland,Lucerne,Train,20,5,3576,Hostel,Business,Spring,47.0505452,8.3054682
333,334,France,Nice,Bus,14,5,485,Hostel,Family Visit,Fall,43.7009358,7.2683912
334,335,Netherlands,Amsterdam,Bicycle,17,3,2265,Hotel,Leisure,Spring,52.3730796,4.8924534
335,336,Italy,Rome,Bus,2,3,3257,Airbnb,Leisure,Summer,41.8933203,12.4829321
336,337,Greece,Santorini,Bus,3,4,2361,Camping,Leisure,Spring,36.4071112,25.456663652707153
337,338,Netherlands,Amsterdam,Flight,7,3,3535,Hotel,Leisure,Winter,52.3730796,4.8924534
338,339,Spain,Barcelona,Bicycle,8,3,1681,Airbnb,Leisure,Summer,41.3828939,2.1774322
339,340,France,Paris,Car,20,2,3651,Hotel,Leisure,Fall,48.8534951,2.3483915
340,341,Portugal,Porto,Flight,2,4,2023,Airbnb,Business,Summer,41.23668845,-8.302018317104206
341,342,UK,London,Car,19,5,3279,Camping,Family Visit,Summer,51.5074456,-0.1277653
342,343,Netherlands,Rotterdam,Train,2,1,3006,Hotel,Business,Winter,51.9244424,4.47775
343,344,Austria,Innsbruck,Car,4,3,527,Hostel,Family Visit,Fall,47.2654296,11.3927685
344,345,Netherlands,Utrecht,Car,16,5,3875,Camping,Family Visit,Fall,52.0907006,5.1215634
345,346,Italy,Milan,Bicycle,16,2,2343,Camping,Business,Fall,45.4641943,9.1896346
346,347,Portugal,Faro,Train,15,3,4183,Camping,Leisure,Fall,37.24480855,-8.150756196275431
347,348,France,Paris,Car,5,4,364,Airbnb,Leisure,Spring,48.8534951,2.3483915
348,349,Netherlands,Amsterdam,Bicycle,15,2,4625,Airbnb,Business,Winter,52.3730796,4.8924534
349,350,Italy,Venice,Car,8,1,2398,Camping,Leisure,Spring,45.4371908,12.3345898
350,351,UK,Manchester,Car,20,5,1114,Airbnb,Business,Fall,53.4794892,-2.2451148
351,352,Spain,Seville,Bus,5,5,4377,Camping,Leisure,Fall,37.3886303,-5.9953403
352,353,Portugal,Lisbon,Bicycle,3,1,3794,Airbnb,Family Visit,Summer,38.7077507,-9.1365919
353,354,Germany,Munich,Bicycle,11,2,4766,Hotel,Business,Winter,48.1371079,11.5753822
354,355,France,Lyon,Train,13,4,1004,Hotel,Business,Fall,45.7578137,4.8320114
355,356,UK,Manchester,Flight,7,1,3777,Hostel,Leisure,Fall,53.4794892,-2.2451148
356,357,Netherlands,Amsterdam,Car,13,1,2961,Camping,Family Visit,Spring,52.3730796,4.8924534
357,358,UK,Edinburgh,Car,15,1,4153,Airbnb,Business,Spring,55.9533456,-3.1883749
358,359,Spain,Madrid,Bicycle,20,1,2773,Hotel,Leisure,Spring,40.4167047,-3.7035825
359,360,Switzerland,Lucerne,Flight,10,2,436,Hotel,Business,Spring,47.0505452,8.3054682
360,361,France,Paris,Bus,8,1,1501,Hostel,Business,Winter,48.8534951,2.3483915
361,362,Switzerland,Zurich,Bus,12,4,641,Camping,Family Visit,Winter,47.3744489,8.5410422
362,363,France,Paris,Bicycle,14,2,3998,Hostel,Business,Winter,48.8534951,2.3483915
363,364,Germany,Munich,Flight,6,3,2375,Airbnb,Leisure,Fall,48.1371079,11.5753822
364,365,Portugal,Porto,Train,11,4,240,Hotel,Business,Winter,41.23668845,-8.302018317104206
365,366,Germany,Berlin,Bicycle,7,2,4883,Airbnb,Family Visit,Winter,52.510885,13.3989367
366,367,Greece,Athens,Car,11,5,2274,Hotel,Leisure,Spring,37.9755648,23.7348324
367,368,Spain,Madrid,Flight,7,3,4463,Camping,Business,Fall,40.4167047,-3.7035825
368,369,France,Nice,Bicycle,3,4,654,Hostel,Family Visit,Summer,43.7009358,7.2683912
369,370,Germany,Munich,Car,11,5,3672,Hotel,Family Visit,Spring,48.1371079,11.5753822
370,371,Greece,Thessaloniki,Train,15,2,3267,Hotel,Family Visit,Summer,40.6403167,22.9352716
371,372,Netherlands,Amsterdam,Train,12,1,3066,Airbnb,Family Visit,Fall,52.3730796,4.8924534
372,373,Portugal,Faro,Bus,5,3,4324,Hotel,Business,Spring,37.24480855,-8.150756196275431
373,374,Switzerland,Lucerne,Flight,12,3,1336,Hotel,Leisure,Summer,47.0505452,8.3054682
374,375,Spain,Madrid,Bicycle,8,3,1533,Hotel,Business,Winter,40.4167047,-3.7035825
375,376,Switzerland,Geneva,Bus,3,5,1985,Camping,Family Visit,Winter,46.2017559,6.1466014
376,377,Switzerland,Lucerne,Flight,5,4,1962,Hostel,Business,Summer,47.0505452,8.3054682
377,378,France,Nice,Flight,12,1,4660,Airbnb,Business,Winter,43.7009358,7.2683912
378,379,Italy,Rome,Bicycle,12,2,353,Hostel,Leisure,Spring,41.8933203,12.4829321
379,380,Greece,Santorini,Car,3,5,2320,Hotel,Family Visit,Winter,36.4071112,25.456663652707153
380,381,Spain,Madrid,Car,10,1,1440,Camping,Business,Fall,40.4167047,-3.7035825
381,382,Netherlands,Amsterdam,Train,12,2,4320,Camping,Leisure,Winter,52.3730796,4.8924534
382,383,Italy,Venice,Bus,8,3,4426,Camping,Family Visit,Summer,45.4371908,12.3345898
383,384,Germany,Munich,Bus,19,5,4403,Hostel,Business,Summer,48.1371079,11.5753822
384,385,Italy,Venice,Train,13,3,3749,Hostel,Leisure,Fall,45.4371908,12.3345898
385,386,Germany,Munich,Car,7,2,2522,Airbnb,Leisure,Spring,48.1371079,11.5753822
386,387,France,Paris,Bicycle,6,4,4290,Camping,Business,Fall,48.8534951,2.3483915
387,388,Austria,Salzburg,Bus,18,5,529,Hostel,Business,Summer,47.7981346,13.0464806
388,389,Greece,Athens,Car,18,4,1541,Camping,Leisure,Summer,37.9755648,23.7348324
389,390,UK,Edinburgh,Bus,17,3,4262,Airbnb,Family Visit,Winter,55.9533456,-3.1883749
390,391,Greece,Thessaloniki,Bicycle,18,5,2621,Hotel,Leisure,Summer,40.6403167,22.9352716
391,392,Austria,Salzburg,Bus,17,1,3926,Hotel,Family Visit,Winter,47.7981346,13.0464806
392,393,UK,Manchester,Train,10,5,246,Hostel,Business,Fall,53.4794892,-2.2451148
393,394,Greece,Thessaloniki,Bicycle,11,1,4190,Camping,Leisure,Spring,40.6403167,22.9352716
394,395,Netherlands,Utrecht,Train,8,5,4432,Airbnb,Leisure,Spring,52.0907006,5.1215634
395,396,Netherlands,Amsterdam,Car,20,2,1026,Camping,Leisure,Fall,52.3730796,4.8924534
396,397,Greece,Thessaloniki,Car,19,4,1134,Hostel,Family Visit,Spring,40.6403167,22.9352716
397,398,Greece,Santorini,Flight,4,2,1666,Hotel,Family Visit,Summer,36.4071112,25.456663652707153
398,399,Portugal,Lisbon,Flight,11,1,1382,Hostel,Family Visit,Winter,38.7077507,-9.1365919
399,400,Greece,Thessaloniki,Flight,4,4,330,Camping,Business,Spring,40.6403167,22.9352716
400,401,Austria,Vienna,Flight,6,3,3183,Hostel,Family Visit,Summer,48.2083537,16.3725042
401,402,France,Paris,Flight,13,1,3787,Camping,Family Visit,Winter,48.8534951,2.3483915
402,403,Greece,Athens,Car,14,2,4311,Hostel,Leisure,Spring,37.9755648,23.7348324
403,404,Greece,Thessaloniki,Bicycle,14,2,1331,Airbnb,Business,Summer,40.6403167,22.9352716
404,405,Germany,Hamburg,Train,3,3,3441,Camping,Family Visit,Spring,53.550341,10.000654
405,406,Switzerland,Geneva,Car,3,3,2004,Hostel,Family Visit,Spring,46.2017559,6.1466014
406,407,Portugal,Faro,Bicycle,14,2,4010,Airbnb,Leisure,Fall,37.24480855,-8.150756196275431
407,408,Switzerland,Zurich,Bicycle,8,4,4324,Hotel,Business,Fall,47.3744489,8.5410422
408,409,Netherlands,Amsterdam,Flight,18,5,4613,Hostel,Business,Fall,52.3730796,4.8924534
409,410,Netherlands,Rotterdam,Train,13,1,471,Airbnb,Business,Fall,51.9244424,4.47775
410,411,Spain,Seville,Train,13,1,4561,Camping,Business,Winter,37.3886303,-5.9953403
411,412,Greece,Santorini,Flight,8,4,4684,Camping,Family Visit,Spring,36.4071112,25.456663652707153
412,413,Netherlands,Amsterdam,Bicycle,2,1,2250,Camping,Family Visit,Fall,52.3730796,4.8924534
413,414,Greece,Santorini,Flight,14,2,345,Hotel,Family Visit,Summer,36.4071112,25.456663652707153
414,415,UK,Edinburgh,Flight,6,1,631,Camping,Leisure,Spring,55.9533456,-3.1883749
415,416,Austria,Innsbruck,Bus,2,5,2832,Hotel,Business,Summer,47.2654296,11.3927685
416,417,Italy,Venice,Flight,16,1,1163,Hotel,Family Visit,Fall,45.4371908,12.3345898
417,418,Germany,Hamburg,Flight,13,3,2241,Airbnb,Family Visit,Fall,53.550341,10.000654
418,419,Italy,Rome,Bicycle,6,5,4268,Hostel,Business,Fall,41.8933203,12.4829321
419,420,Netherlands,Amsterdam,Train,12,4,1006,Airbnb,Leisure,Winter,52.3730796,4.8924534
420,421,Greece,Santorini,Bicycle,15,3,2068,Hotel,Family Visit,Fall,36.4071112,25.456663652707153
421,422,France,Nice,Bicycle,3,1,1084,Airbnb,Family Visit,Fall,43.7009358,7.2683912
422,423,Italy,Milan,Bicycle,20,5,1589,Airbnb,Leisure,Winter,45.4641943,9.1896346
423,424,Austria,Salzburg,Car,11,3,4521,Camping,Business,Winter,47.7981346,13.0464806
424,425,Switzerland,Geneva,Car,10,1,2753,Hostel,Business,Fall,46.2017559,6.1466014
425,426,France,Nice,Bicycle,4,5,1996,Airbnb,Family Visit,Fall,43.7009358,7.2683912
426,427,Greece,Santorini,Bus,16,1,3370,Hostel,Family Visit,Spring,36.4071112,25.456663652707153
427,428,Spain,Madrid,Train,18,5,2114,Hotel,Family Visit,Winter,40.4167047,-3.7035825
428,429,Greece,Santorini,Flight,11,3,2937,Camping,Family Visit,Spring,36.4071112,25.456663652707153
429,430,Switzerland,Zurich,Flight,19,1,202,Airbnb,Business,Winter,47.3744489,8.5410422
430,431,Portugal,Porto,Bicycle,4,5,1092,Hotel,Business,Spring,41.23668845,-8.302018317104206
431,432,France,Paris,Car,16,1,2576,Hotel,Leisure,Winter,48.8534951,2.3483915
432,433,Italy,Rome,Bicycle,5,5,3881,Hotel,Business,Summer,41.8933203,12.4829321
433,434,Switzerland,Zurich,Train,12,1,2882,Hostel,Leisure,Summer,47.3744489,8.5410422
434,435,Austria,Innsbruck,Flight,10,3,1555,Hotel,Business,Spring,47.2654296,11.3927685
435,436,UK,Manchester,Train,11,1,4335,Airbnb,Leisure,Spring,53.4794892,-2.2451148
436,437,Austria,Innsbruck,Car,6,3,1154,Hotel,Family Visit,Spring,47.2654296,11.3927685
437,438,Italy,Milan,Bicycle,3,4,1174,Hotel,Business,Winter,45.4641943,9.1896346
438,439,Spain,Seville,Flight,7,3,4172,Hostel,Family Visit,Fall,37.3886303,-5.9953403
439,440,Greece,Athens,Bus,17,2,1113,Hostel,Business,Fall,37.9755648,23.7348324
440,441,Germany,Hamburg,Flight,7,5,3587,Hotel,Business,Fall,53.550341,10.000654
441,442,Austria,Innsbruck,Train,17,5,995,Camping,Family Visit,Spring,47.2654296,11.3927685
442,443,Austria,Innsbruck,Train,6,5,4888,Hostel,Business,Winter,47.2654296,11.3927685
443,444,Switzerland,Zurich,Bicycle,19,5,517,Hostel,Leisure,Fall,47.3744489,8.5410422
444,445,Austria,Salzburg,Bus,20,2,1791,Hotel,Leisure,Spring,47.7981346,13.0464806
445,446,Greece,Thessaloniki,Car,9,2,4130,Camping,Business,Summer,40.6403167,22.9352716
446,447,France,Lyon,Train,14,5,1512,Hostel,Business,Fall,45.7578137,4.8320114
447,448,France,Paris,Flight,7,3,2583,Hostel,Business,Summer,48.8534951,2.3483915
448,449,France,Paris,Bicycle,9,4,1904,Camping,Business,Summer,48.8534951,2.3483915
449,450,Switzerland,Zurich,Flight,14,3,2804,Camping,Leisure,Winter,47.3744489,8.5410422
450,451,Switzerland,Geneva,Train,11,4,4486,Airbnb,Family Visit,Summer,46.2017559,6.1466014
451,452,Netherlands,Utrecht,Train,7,4,756,Hostel,Business,Spring,52.0907006,5.1215634
452,453,Portugal,Lisbon,Train,20,2,2919,Airbnb,Business,Winter,38.7077507,-9.1365919
453,454,Spain,Madrid,Bicycle,12,5,3941,Airbnb,Leisure,Fall,40.4167047,-3.7035825
454,455,Germany,Munich,Train,8,2,2603,Hostel,Business,Spring,48.1371079,11.5753822
455,456,France,Paris,Flight,3,5,2212,Camping,Family Visit,Winter,48.8534951,2.3483915
456,457,Netherlands,Rotterdam,Flight,13,2,3317,Camping,Business,Spring,51.9244424,4.47775
457,458,Greece,Athens,Bicycle,18,1,2264,Airbnb,Family Visit,Spring,37.9755648,23.7348324
458,459,Greece,Santorini,Car,9,2,4995,Camping,Family Visit,Winter,36.4071112,25.456663652707153
459,460,Spain,Madrid,Flight,14,3,1207,Hostel,Business,Spring,40.4167047,-3.7035825
460,461,Austria,Salzburg,Car,7,3,3726,Hotel,Family Visit,Summer,47.7981346,13.0464806
461,462,Spain,Seville,Bicycle,11,1,1447,Hotel,Family Visit,Fall,37.3886303,-5.9953403
462,463,Germany,Hamburg,Car,3,4,771,Airbnb,Leisure,Winter,53.550341,10.000654
463,464,France,Paris,Flight,16,5,477,Airbnb,Leisure,Winter,48.8534951,2.3483915
464,465,Netherlands,Rotterdam,Bus,5,4,2087,Hotel,Family Visit,Fall,51.9244424,4.47775
465,466,Portugal,Faro,Bus,5,2,1240,Camping,Business,Fall,37.24480855,-8.150756196275431
466,467,Switzerland,Geneva,Bus,13,1,1085,Hostel,Leisure,Fall,46.2017559,6.1466014
467,468,France,Paris,Bicycle,2,2,3391,Camping,Leisure,Spring,48.8534951,2.3483915
468,469,Spain,Barcelona,Bus,19,2,4999,Hotel,Leisure,Fall,41.3828939,2.1774322
469,470,Spain,Seville,Bicycle,16,5,3947,Hostel,Leisure,Winter,37.3886303,-5.9953403
470,471,Germany,Hamburg,Bicycle,4,4,2628,Camping,Leisure,Winter,53.550341,10.000654
471,472,France,Lyon,Flight,13,5,1106,Airbnb,Family Visit,Fall,45.7578137,4.8320114
472,473,Italy,Milan,Flight,2,3,2706,Hotel,Family Visit,Winter,45.4641943,9.1896346
473,474,Greece,Athens,Bicycle,3,2,3556,Airbnb,Business,Fall,37.9755648,23.7348324
474,475,Switzerland,Lucerne,Flight,5,1,238,Hotel,Leisure,Winter,47.0505452,8.3054682
475,476,Switzerland,Zurich,Car,16,5,2404,Hostel,Family Visit,Winter,47.3744489,8.5410422
476,477,Germany,Munich,Bus,12,4,2023,Hotel,Leisure,Summer,48.1371079,11.5753822
477,478,UK,Manchester,Bus,3,4,3293,Airbnb,Leisure,Fall,53.4794892,-2.2451148
478,479,Italy,Rome,Train,12,3,3978,Hostel,Business,Summer,41.8933203,12.4829321
479,480,Switzerland,Lucerne,Flight,18,4,3711,Airbnb,Family Visit,Spring,47.0505452,8.3054682
480,481,Portugal,Lisbon,Flight,16,5,4226,Hostel,Business,Spring,38.7077507,-9.1365919
481,482,Austria,Salzburg,Car,7,3,4865,Camping,Family Visit,Winter,47.7981346,13.0464806
482,483,Greece,Athens,Flight,7,2,2180,Hotel,Business,Spring,37.9755648,23.7348324
483,484,Austria,Innsbruck,Train,4,1,992,Hotel,Leisure,Fall,47.2654296,11.3927685
484,485,Netherlands,Utrecht,Bicycle,13,2,2455,Airbnb,Business,Winter,52.0907006,5.1215634
485,486,Germany,Berlin,Flight,9,4,1184,Airbnb,Business,Fall,52.510885,13.3989367
486,487,Germany,Munich,Car,18,5,3580,Airbnb,Leisure,Winter,48.1371079,11.5753822
487,488,Italy,Venice,Bus,9,3,3833,Hostel,Leisure,Fall,45.4371908,12.3345898
488,489,Netherlands,Rotterdam,Bus,8,3,4644,Hotel,Family Visit,Fall,51.9244424,4.47775
489,490,Portugal,Faro,Train,13,5,4099,Camping,Family Visit,Fall,37.24480855,-8.150756196275431
490,491,Netherlands,Amsterdam,Train,4,4,726,Airbnb,Business,Summer,52.3730796,4.8924534
491,492,Austria,Innsbruck,Train,15,1,4165,Hotel,Business,Winter,47.2654296,11.3927685
492,493,Austria,Vienna,Flight,13,4,1963,Airbnb,Leisure,Fall,48.2083537,16.3725042
493,494,Switzerland,Zurich,Car,10,1,316,Hostel,Leisure,Fall,47.3744489,8.5410422
494,495,France,Paris,Bus,3,3,3988,Hostel,Family Visit,Spring,48.8534951,2.3483915
495,496,Portugal,Lisbon,Bus,18,5,473,Hotel,Business,Fall,38.7077507,-9.1365919
496,497,Switzerland,Lucerne,Car,19,3,928,Airbnb,Business,Spring,47.0505452,8.3054682
497,498,Germany,Munich,Train,2,4,4397,Hostel,Family Visit,Winter,48.1371079,11.5753822
498,499,Portugal,Lisbon,Train,10,3,413,Hostel,Leisure,Winter,38.7077507,-9.1365919
499,500,Italy,Venice,Bicycle,20,1,2648,Hotel,Business,Winter,45.4371908,12.3345898
500,501,UK,London,Bicycle,13,1,3317,Hostel,Business,Fall,51.5074456,-0.1277653
501,502,Switzerland,Geneva,Bus,16,4,2920,Airbnb,Leisure,Fall,46.2017559,6.1466014
502,503,Portugal,Faro,Bicycle,11,2,201,Airbnb,Leisure,Fall,37.24480855,-8.150756196275431
503,504,Switzerland,Geneva,Bus,2,1,4244,Hostel,Business,Winter,46.2017559,6.1466014
504,505,UK,Edinburgh,Flight,2,5,1117,Hostel,Family Visit,Spring,55.9533456,-3.1883749
505,506,France,Paris,Flight,8,2,289,Hotel,Family Visit,Fall,48.8534951,2.3483915
506,507,Spain,Barcelona,Car,15,2,4438,Hostel,Business,Winter,41.3828939,2.1774322
507,508,UK,London,Car,3,2,1086,Hostel,Business,Summer,51.5074456,-0.1277653
508,509,Greece,Santorini,Train,13,1,2095,Camping,Business,Spring,36.4071112,25.456663652707153
509,510,Greece,Athens,Train,12,5,834,Camping,Business,Spring,37.9755648,23.7348324
510,511,Portugal,Faro,Train,7,1,3344,Hostel,Family Visit,Spring,37.24480855,-8.150756196275431
511,512,Portugal,Lisbon,Flight,8,1,915,Airbnb,Family Visit,Summer,38.7077507,-9.1365919
512,513,Switzerland,Geneva,Train,9,2,3589,Hotel,Business,Fall,46.2017559,6.1466014
513,514,Austria,Salzburg,Bicycle,16,3,2630,Camping,Family Visit,Fall,47.7981346,13.0464806
514,515,Germany,Munich,Train,8,3,407,Airbnb,Family Visit,Fall,48.1371079,11.5753822
515,516,Netherlands,Rotterdam,Train,5,2,221,Hostel,Business,Summer,51.9244424,4.47775
516,517,UK,Manchester,Flight,4,1,4309,Camping,Business,Summer,53.4794892,-2.2451148
517,518,France,Nice,Car,12,2,2334,Camping,Business,Summer,43.7009358,7.2683912
518,519,Greece,Athens,Train,13,5,1760,Airbnb,Business,Summer,37.9755648,23.7348324
519,520,Germany,Hamburg,Bus,14,3,2369,Hostel,Family Visit,Spring,53.550341,10.000654
520,521,Italy,Venice,Flight,20,4,4980,Airbnb,Business,Spring,45.4371908,12.3345898
521,522,Greece,Athens,Bicycle,9,5,3902,Hotel,Business,Fall,37.9755648,23.7348324
522,523,Austria,Salzburg,Flight,20,4,3865,Camping,Family Visit,Winter,47.7981346,13.0464806
523,524,UK,Manchester,Car,7,2,861,Camping,Leisure,Summer,53.4794892,-2.2451148
524,525,Italy,Venice,Car,6,1,1282,Airbnb,Business,Fall,45.4371908,12.3345898
525,526,Greece,Thessaloniki,Flight,4,4,954,Airbnb,Leisure,Spring,40.6403167,22.9352716
526,527,Netherlands,Amsterdam,Train,4,5,552,Camping,Leisure,Fall,52.3730796,4.8924534
527,528,Germany,Berlin,Bicycle,8,4,4088,Camping,Leisure,Fall,52.510885,13.3989367
528,529,Italy,Venice,Bicycle,6,4,2979,Hostel,Family Visit,Spring,45.4371908,12.3345898
529,530,Austria,Innsbruck,Bicycle,13,4,1155,Hotel,Leisure,Fall,47.2654296,11.3927685
530,531,Switzerland,Geneva,Flight,19,1,4903,Airbnb,Family Visit,Winter,46.2017559,6.1466014
531,532,Netherlands,Rotterdam,Car,10,4,1473,Airbnb,Business,Spring,51.9244424,4.47775
532,533,Switzerland,Lucerne,Bicycle,3,4,2825,Hotel,Business,Fall,47.0505452,8.3054682
533,534,Spain,Madrid,Flight,16,2,3179,Hostel,Leisure,Spring,40.4167047,-3.7035825
534,535,Spain,Seville,Train,7,2,1594,Airbnb,Business,Summer,37.3886303,-5.9953403
535,536,Portugal,Lisbon,Bus,13,3,729,Airbnb,Family Visit,Spring,38.7077507,-9.1365919
536,537,UK,Manchester,Train,9,5,3158,Hotel,Family Visit,Spring,53.4794892,-2.2451148
537,538,Greece,Thessaloniki,Bus,2,3,3791,Hotel,Business,Summer,40.6403167,22.9352716
538,539,Greece,Thessaloniki,Flight,5,2,1139,Camping,Family Visit,Winter,40.6403167,22.9352716
539,540,Italy,Rome,Bicycle,15,2,574,Camping,Leisure,Winter,41.8933203,12.4829321
540,541,Portugal,Lisbon,Car,6,5,4205,Hotel,Family Visit,Spring,38.7077507,-9.1365919
541,542,UK,Edinburgh,Train,14,1,2565,Camping,Leisure,Winter,55.9533456,-3.1883749
542,543,Germany,Munich,Train,16,1,3355,Hostel,Family Visit,Summer,48.1371079,11.5753822
543,544,Greece,Thessaloniki,Bus,3,1,3138,Hostel,Leisure,Spring,40.6403167,22.9352716
544,545,Greece,Santorini,Flight,3,3,1452,Hostel,Family Visit,Spring,36.4071112,25.456663652707153
545,546,France,Paris,Train,6,1,4755,Camping,Business,Fall,48.8534951,2.3483915
546,547,Austria,Vienna,Bicycle,5,5,3574,Airbnb,Family Visit,Spring,48.2083537,16.3725042
547,548,Italy,Milan,Bus,12,2,3978,Hostel,Family Visit,Spring,45.4641943,9.1896346
548,549,Germany,Munich,Car,15,2,3091,Hotel,Leisure,Fall,48.1371079,11.5753822
549,550,Germany,Hamburg,Car,10,1,2560,Hostel,Family Visit,Winter,53.550341,10.000654
550,551,UK,Manchester,Bus,12,5,2934,Camping,Business,Winter,53.4794892,-2.2451148
551,552,Switzerland,Zurich,Car,6,4,2412,Hotel,Business,Spring,47.3744489,8.5410422
552,553,Greece,Santorini,Flight,18,1,1855,Camping,Leisure,Spring,36.4071112,25.456663652707153
553,554,Italy,Venice,Bicycle,13,4,1590,Airbnb,Family Visit,Winter,45.4371908,12.3345898
554,555,Netherlands,Rotterdam,Car,16,4,1474,Airbnb,Leisure,Summer,51.9244424,4.47775
555,556,Italy,Milan,Flight,19,2,1168,Airbnb,Business,Winter,45.4641943,9.1896346
556,557,UK,London,Train,6,4,481,Camping,Leisure,Winter,51.5074456,-0.1277653
557,558,Italy,Venice,Bicycle,2,3,4493,Airbnb,Business,Fall,45.4371908,12.3345898
558,559,Netherlands,Amsterdam,Car,6,5,1208,Hostel,Business,Summer,52.3730796,4.8924534
559,560,UK,Edinburgh,Flight,20,4,4785,Hostel,Family Visit,Spring,55.9533456,-3.1883749
560,561,Switzerland,Lucerne,Car,19,3,325,Hotel,Family Visit,Spring,47.0505452,8.3054682
561,562,Netherlands,Utrecht,Car,3,1,4068,Hotel,Family Visit,Spring,52.0907006,5.1215634
562,563,Spain,Seville,Train,8,3,3449,Camping,Family Visit,Winter,37.3886303,-5.9953403
563,564,Italy,Rome,Flight,13,4,4603,Camping,Business,Winter,41.8933203,12.4829321
564,565,France,Lyon,Bus,17,2,2993,Hostel,Leisure,Fall,45.7578137,4.8320114
565,566,Germany,Berlin,Flight,9,2,1564,Hostel,Family Visit,Winter,52.510885,13.3989367
566,567,France,Paris,Car,2,5,4812,Hostel,Leisure,Spring,48.8534951,2.3483915
567,568,Greece,Thessaloniki,Train,16,2,2674,Hotel,Family Visit,Fall,40.6403167,22.9352716
568,569,Greece,Santorini,Train,11,2,4249,Hostel,Business,Fall,36.4071112,25.456663652707153
569,570,Netherlands,Utrecht,Train,18,2,3919,Camping,Leisure,Summer,52.0907006,5.1215634
570,571,UK,Manchester,Car,16,1,4883,Hostel,Leisure,Summer,53.4794892,-2.2451148
571,572,Switzerland,Zurich,Flight,9,1,3272,Hostel,Leisure,Fall,47.3744489,8.5410422
572,573,UK,London,Bicycle,20,5,1527,Airbnb,Leisure,Fall,51.5074456,-0.1277653
573,574,Netherlands,Rotterdam,Flight,6,1,3873,Camping,Business,Fall,51.9244424,4.47775
574,575,Greece,Santorini,Car,3,2,903,Airbnb,Business,Spring,36.4071112,25.456663652707153
575,576,Spain,Barcelona,Bicycle,7,1,3432,Camping,Business,Summer,41.3828939,2.1774322
576,577,Portugal,Faro,Train,10,1,4983,Hostel,Business,Spring,37.24480855,-8.150756196275431
577,578,Greece,Thessaloniki,Bicycle,14,1,4028,Hotel,Family Visit,Fall,40.6403167,22.9352716
578,579,Spain,Barcelona,Bicycle,14,1,1547,Airbnb,Business,Fall,41.3828939,2.1774322
579,580,Switzerland,Geneva,Train,3,5,3373,Hostel,Family Visit,Spring,46.2017559,6.1466014
580,581,Germany,Hamburg,Bicycle,15,4,1837,Airbnb,Family Visit,Fall,53.550341,10.000654
581,582,Austria,Salzburg,Train,20,2,1200,Hostel,Family Visit,Fall,47.7981346,13.0464806
582,583,UK,Manchester,Flight,20,5,3912,Airbnb,Leisure,Fall,53.4794892,-2.2451148
583,584,France,Nice,Car,8,1,2972,Camping,Family Visit,Summer,43.7009358,7.2683912
584,585,UK,Manchester,Bicycle,16,1,3347,Hotel,Family Visit,Summer,53.4794892,-2.2451148
585,586,Spain,Seville,Bicycle,8,5,4186,Camping,Family Visit,Winter,37.3886303,-5.9953403
586,587,Italy,Rome,Car,2,1,935,Airbnb,Leisure,Summer,41.8933203,12.4829321
587,588,Portugal,Faro,Car,18,3,3538,Hostel,Leisure,Winter,37.24480855,-8.150756196275431
588,589,Portugal,Lisbon,Bicycle,4,2,1161,Hostel,Leisure,Winter,38.7077507,-9.1365919
589,590,Germany,Hamburg,Bicycle,15,1,1226,Camping,Family Visit,Summer,53.550341,10.000654
590,591,Italy,Milan,Bus,9,2,2701,Camping,Leisure,Winter,45.4641943,9.1896346
591,592,France,Lyon,Flight,13,5,4599,Airbnb,Leisure,Summer,45.7578137,4.8320114
592,593,Greece,Athens,Train,6,4,3030,Hotel,Leisure,Summer,37.9755648,23.7348324
593,594,Netherlands,Amsterdam,Bus,12,2,2611,Hotel,Business,Spring,52.3730796,4.8924534
594,595,Netherlands,Rotterdam,Flight,12,5,220,Hostel,Family Visit,Winter,51.9244424,4.47775
595,596,Greece,Athens,Bus,12,5,914,Hotel,Family Visit,Winter,37.9755648,23.7348324
596,597,Germany,Berlin,Bicycle,20,4,340,Camping,Leisure,Summer,52.510885,13.3989367
597,598,Italy,Rome,Flight,20,2,1163,Hotel,Family Visit,Winter,41.8933203,12.4829321
598,599,Portugal,Lisbon,Bus,17,5,3835,Camping,Family Visit,Fall,38.7077507,-9.1365919
599,600,Germany,Munich,Train,15,3,1892,Hotel,Business,Summer,48.1371079,11.5753822
600,601,Greece,Santorini,Bicycle,16,4,305,Camping,Business,Winter,36.4071112,25.456663652707153
601,602,Spain,Barcelona,Bus,5,2,4297,Airbnb,Business,Summer,41.3828939,2.1774322
602,603,Austria,Innsbruck,Train,18,5,2337,Hotel,Family Visit,Fall,47.2654296,11.3927685
603,604,Austria,Salzburg,Car,12,4,3854,Hostel,Family Visit,Winter,47.7981346,13.0464806
604,605,Spain,Seville,Train,18,2,644,Hostel,Leisure,Spring,37.3886303,-5.9953403
605,606,Spain,Seville,Bicycle,11,4,1675,Hotel,Business,Fall,37.3886303,-5.9953403
606,607,Netherlands,Rotterdam,Train,8,1,1908,Hotel,Business,Winter,51.9244424,4.47775
607,608,Greece,Santorini,Train,11,3,1500,Hotel,Leisure,Summer,36.4071112,25.456663652707153
608,609,Spain,Seville,Car,10,2,4816,Hotel,Leisure,Spring,37.3886303,-5.9953403
609,610,Austria,Innsbruck,Bus,16,2,2625,Airbnb,Family Visit,Summer,47.2654296,11.3927685
610,611,Germany,Munich,Flight,11,1,3425,Hostel,Leisure,Fall,48.1371079,11.5753822
611,612,Netherlands,Amsterdam,Flight,6,4,4345,Airbnb,Business,Fall,52.3730796,4.8924534
612,613,Germany,Berlin,Flight,20,4,3473,Hotel,Leisure,Winter,52.510885,13.3989367
613,614,Germany,Berlin,Car,19,3,3240,Hostel,Leisure,Spring,52.510885,13.3989367
614,615,Spain,Barcelona,Bicycle,19,5,1784,Hostel,Family Visit,Winter,41.3828939,2.1774322
615,616,Switzerland,Lucerne,Bus,4,4,1449,Airbnb,Family Visit,Winter,47.0505452,8.3054682
616,617,Austria,Innsbruck,Bus,2,5,861,Hostel,Business,Winter,47.2654296,11.3927685
617,618,Austria,Innsbruck,Car,17,5,2666,Camping,Leisure,Spring,47.2654296,11.3927685
618,619,Germany,Munich,Car,8,3,849,Hotel,Leisure,Summer,48.1371079,11.5753822
619,620,Netherlands,Rotterdam,Flight,10,5,640,Hostel,Business,Summer,51.9244424,4.47775
620,621,France,Paris,Car,3,3,4558,Hotel,Business,Spring,48.8534951,2.3483915
621,622,Italy,Milan,Bus,19,3,1777,Hotel,Leisure,Fall,45.4641943,9.1896346
622,623,France,Nice,Flight,8,1,3551,Hostel,Leisure,Summer,43.7009358,7.2683912
623,624,France,Paris,Bus,15,3,1441,Hostel,Family Visit,Summer,48.8534951,2.3483915
624,625,Greece,Thessaloniki,Train,7,2,1390,Airbnb,Leisure,Fall,40.6403167,22.9352716
625,626,Spain,Madrid,Train,14,4,4648,Camping,Leisure,Summer,40.4167047,-3.7035825
626,627,Switzerland,Lucerne,Car,5,3,272,Hostel,Leisure,Winter,47.0505452,8.3054682
627,628,Spain,Madrid,Car,9,1,2114,Hotel,Leisure,Spring,40.4167047,-3.7035825
628,629,Spain,Seville,Train,7,1,3246,Airbnb,Family Visit,Summer,37.3886303,-5.9953403
629,630,Greece,Thessaloniki,Train,5,5,3913,Hotel,Business,Fall,40.6403167,22.9352716
630,631,Netherlands,Utrecht,Flight,6,4,3810,Hotel,Business,Summer,52.0907006,5.1215634
631,632,Germany,Hamburg,Flight,9,2,266,Hotel,Leisure,Winter,53.550341,10.000654
632,633,Italy,Milan,Flight,13,5,4353,Camping,Family Visit,Winter,45.4641943,9.1896346
633,634,Netherlands,Amsterdam,Flight,4,2,2974,Hostel,Business,Spring,52.3730796,4.8924534
634,635,Austria,Vienna,Bicycle,13,2,2861,Airbnb,Family Visit,Winter,48.2083537,16.3725042
635,636,Italy,Rome,Bus,18,3,2601,Hotel,Family Visit,Fall,41.8933203,12.4829321
636,637,Portugal,Lisbon,Bicycle,9,4,3819,Airbnb,Business,Spring,38.7077507,-9.1365919
637,638,Switzerland,Zurich,Bus,6,5,2534,Hotel,Business,Winter,47.3744489,8.5410422
638,639,Spain,Seville,Train,16,1,4606,Hotel,Family Visit,Winter,37.3886303,-5.9953403
639,640,France,Nice,Bus,17,2,2693,Hostel,Leisure,Fall,43.7009358,7.2683912
640,641,Netherlands,Rotterdam,Flight,17,4,4952,Airbnb,Leisure,Fall,51.9244424,4.47775
641,642,Italy,Rome,Bicycle,17,4,3919,Hotel,Family Visit,Winter,41.8933203,12.4829321
642,643,Austria,Salzburg,Bus,4,5,4643,Airbnb,Business,Summer,47.7981346,13.0464806
643,644,Switzerland,Lucerne,Train,20,5,4143,Airbnb,Leisure,Fall,47.0505452,8.3054682
644,645,Italy,Venice,Flight,13,1,485,Hotel,Business,Winter,45.4371908,12.3345898
645,646,Spain,Madrid,Flight,7,2,4751,Camping,Business,Summer,40.4167047,-3.7035825
646,647,Netherlands,Rotterdam,Bus,8,1,1212,Airbnb,Family Visit,Summer,51.9244424,4.47775
647,648,Spain,Seville,Bus,17,4,1723,Hotel,Leisure,Winter,37.3886303,-5.9953403
648,649,Austria,Salzburg,Flight,3,5,3925,Camping,Leisure,Winter,47.7981346,13.0464806
649,650,France,Paris,Bicycle,5,1,1801,Hostel,Business,Spring,48.8534951,2.3483915
650,651,France,Nice,Car,10,5,3017,Camping,Family Visit,Winter,43.7009358,7.2683912
651,652,Greece,Thessaloniki,Train,10,1,1925,Camping,Business,Winter,40.6403167,22.9352716
652,653,Switzerland,Geneva,Bus,5,2,4606,Airbnb,Leisure,Winter,46.2017559,6.1466014
653,654,Italy,Milan,Bicycle,7,3,605,Hotel,Leisure,Fall,45.4641943,9.1896346
654,655,Greece,Santorini,Bus,12,4,443,Hotel,Business,Spring,36.4071112,25.456663652707153
655,656,France,Nice,Car,11,4,760,Airbnb,Family Visit,Summer,43.7009358,7.2683912
656,657,Switzerland,Geneva,Flight,11,2,2026,Hostel,Leisure,Summer,46.2017559,6.1466014
657,658,Spain,Barcelona,Bicycle,11,3,4119,Hostel,Family Visit,Spring,41.3828939,2.1774322
658,659,Germany,Hamburg,Train,8,4,272,Hotel,Family Visit,Fall,53.550341,10.000654
659,660,Portugal,Lisbon,Car,16,5,4425,Airbnb,Business,Spring,38.7077507,-9.1365919
660,661,Italy,Venice,Bus,4,2,4561,Camping,Leisure,Spring,45.4371908,12.3345898
661,662,Netherlands,Rotterdam,Train,3,1,4459,Hostel,Leisure,Summer,51.9244424,4.47775
662,663,Netherlands,Amsterdam,Car,15,1,1333,Hostel,Family Visit,Spring,52.3730796,4.8924534
663,664,Austria,Salzburg,Flight,17,5,3146,Hotel,Business,Spring,47.7981346,13.0464806
664,665,Portugal,Lisbon,Train,4,1,1248,Hostel,Business,Winter,38.7077507,-9.1365919
665,666,Austria,Salzburg,Bus,14,5,2729,Camping,Leisure,Summer,47.7981346,13.0464806
666,667,UK,Edinburgh,Flight,9,5,1163,Hostel,Leisure,Spring,55.9533456,-3.1883749
667,668,Portugal,Faro,Car,16,4,4423,Airbnb,Business,Spring,37.24480855,-8.150756196275431
668,669,Portugal,Porto,Bicycle,14,4,3236,Hotel,Leisure,Fall,41.23668845,-8.302018317104206
669,670,Switzerland,Zurich,Car,7,5,4338,Hotel,Family Visit,Winter,47.3744489,8.5410422
670,671,Spain,Barcelona,Bus,3,4,2910,Airbnb,Business,Winter,41.3828939,2.1774322
671,672,Italy,Milan,Train,20,3,2153,Hotel,Family Visit,Winter,45.4641943,9.1896346
672,673,UK,Edinburgh,Train,11,1,4937,Hotel,Family Visit,Fall,55.9533456,-3.1883749
673,674,Switzerland,Geneva,Car,12,2,2150,Airbnb,Business,Winter,46.2017559,6.1466014
674,675,Italy,Rome,Car,16,1,2330,Hostel,Family Visit,Winter,41.8933203,12.4829321
675,676,UK,Manchester,Bus,10,3,4444,Camping,Leisure,Summer,53.4794892,-2.2451148
676,677,France,Paris,Train,10,4,4485,Hostel,Business,Spring,48.8534951,2.3483915
677,678,Italy,Milan,Train,15,3,599,Camping,Leisure,Summer,45.4641943,9.1896346
678,679,Italy,Rome,Train,2,4,1838,Camping,Family Visit,Winter,41.8933203,12.4829321
679,680,Germany,Hamburg,Car,9,1,2348,Camping,Family Visit,Spring,53.550341,10.000654
680,681,Germany,Hamburg,Bus,8,4,1019,Hostel,Leisure,Spring,53.550341,10.000654
681,682,Spain,Barcelona,Bus,5,4,4717,Airbnb,Leisure,Spring,41.3828939,2.1774322
682,683,Portugal,Faro,Bicycle,8,2,1708,Camping,Leisure,Winter,37.24480855,-8.150756196275431
683,684,Greece,Athens,Flight,4,3,2339,Hostel,Leisure,Fall,37.9755648,23.7348324
684,685,Greece,Santorini,Train,15,5,2845,Airbnb,Family Visit,Winter,36.4071112,25.456663652707153
685,686,Austria,Salzburg,Flight,6,2,2493,Hotel,Leisure,Summer,47.7981346,13.0464806
686,687,UK,London,Flight,7,5,1100,Hotel,Family Visit,Winter,51.5074456,-0.1277653
687,688,Austria,Vienna,Bicycle,2,5,2209,Camping,Business,Summer,48.2083537,16.3725042
688,689,Italy,Venice,Train,19,5,2585,Hostel,Family Visit,Summer,45.4371908,12.3345898
689,690,Spain,Madrid,Bus,6,5,871,Camping,Leisure,Fall,40.4167047,-3.7035825
690,691,Portugal,Lisbon,Bus,5,1,3242,Hostel,Family Visit,Winter,38.7077507,-9.1365919
691,692,Switzerland,Zurich,Car,18,4,2642,Hotel,Leisure,Fall,47.3744489,8.5410422
692,693,Italy,Milan,Train,5,2,4919,Camping,Family Visit,Winter,45.4641943,9.1896346
693,694,UK,London,Bicycle,19,3,4004,Hotel,Leisure,Summer,51.5074456,-0.1277653
694,695,Switzerland,Zurich,Flight,7,2,2644,Hostel,Family Visit,Summer,47.3744489,8.5410422
695,696,Austria,Salzburg,Bicycle,18,1,216,Camping,Family Visit,Summer,47.7981346,13.0464806
696,697,Italy,Rome,Bus,10,1,771,Airbnb,Business,Fall,41.8933203,12.4829321
697,698,Spain,Madrid,Bicycle,17,5,1320,Hotel,Business,Winter,40.4167047,-3.7035825
698,699,Italy,Milan,Train,11,2,4097,Hotel,Leisure,Summer,45.4641943,9.1896346
699,700,Austria,Salzburg,Flight,9,5,914,Hotel,Leisure,Fall,47.7981346,13.0464806
700,701,Austria,Salzburg,Bus,3,3,2447,Airbnb,Business,Fall,47.7981346,13.0464806
701,702,Switzerland,Geneva,Train,18,1,4126,Airbnb,Leisure,Spring,46.2017559,6.1466014
702,703,Netherlands,Rotterdam,Bus,14,3,2348,Hostel,Business,Summer,51.9244424,4.47775
703,704,France,Nice,Flight,9,5,3471,Camping,Family Visit,Winter,43.7009358,7.2683912
704,705,Netherlands,Utrecht,Flight,12,1,3706,Hotel,Business,Fall,52.0907006,5.1215634
705,706,France,Nice,Train,4,1,1868,Hotel,Leisure,Winter,43.7009358,7.2683912
706,707,Spain,Seville,Bicycle,9,2,2150,Airbnb,Business,Spring,37.3886303,-5.9953403
707,708,Greece,Thessaloniki,Bus,15,4,1874,Airbnb,Leisure,Winter,40.6403167,22.9352716
708,709,Netherlands,Amsterdam,Flight,16,3,2746,Camping,Business,Spring,52.3730796,4.8924534
709,710,Netherlands,Utrecht,Flight,20,3,2689,Hostel,Business,Fall,52.0907006,5.1215634
710,711,Netherlands,Amsterdam,Bicycle,6,5,2237,Camping,Leisure,Fall,52.3730796,4.8924534
711,712,Portugal,Porto,Bus,9,2,1773,Hostel,Leisure,Fall,41.23668845,-8.302018317104206
712,713,Spain,Madrid,Flight,16,4,1446,Hostel,Leisure,Winter,40.4167047,-3.7035825
713,714,Austria,Innsbruck,Flight,9,1,2576,Camping,Leisure,Spring,47.2654296,11.3927685
714,715,Germany,Berlin,Bus,3,2,1162,Airbnb,Business,Summer,52.510885,13.3989367
715,716,Portugal,Porto,Bicycle,18,4,1813,Hotel,Leisure,Winter,41.23668845,-8.302018317104206
716,717,Netherlands,Amsterdam,Bus,10,1,4512,Hotel,Family Visit,Fall,52.3730796,4.8924534
717,718,Greece,Athens,Flight,19,2,2396,Hostel,Leisure,Winter,37.9755648,23.7348324
718,719,Italy,Rome,Bicycle,5,4,969,Hotel,Leisure,Spring,41.8933203,12.4829321
719,720,Spain,Madrid,Bus,14,5,4183,Airbnb,Family Visit,Winter,40.4167047,-3.7035825
720,721,Germany,Hamburg,Bus,3,3,721,Hotel,Family Visit,Fall,53.550341,10.000654
721,722,Germany,Hamburg,Bicycle,16,1,1135,Hotel,Leisure,Spring,53.550341,10.000654
722,723,Austria,Innsbruck,Bicycle,19,1,4783,Hotel,Leisure,Summer,47.2654296,11.3927685
723,724,Greece,Thessaloniki,Flight,15,4,3897,Hostel,Leisure,Summer,40.6403167,22.9352716
724,725,Italy,Milan,Train,13,3,885,Hostel,Business,Fall,45.4641943,9.1896346
725,726,Austria,Salzburg,Car,18,5,4266,Hotel,Leisure,Winter,47.7981346,13.0464806
726,727,Germany,Berlin,Car,8,1,1456,Airbnb,Business,Fall,52.510885,13.3989367
727,728,Italy,Rome,Flight,16,2,2396,Camping,Business,Spring,41.8933203,12.4829321
728,729,Portugal,Porto,Bus,14,5,501,Hotel,Business,Fall,41.23668845,-8.302018317104206
729,730,Austria,Innsbruck,Train,9,4,1959,Airbnb,Family Visit,Spring,47.2654296,11.3927685
730,731,Greece,Santorini,Bicycle,12,3,1568,Airbnb,Family Visit,Fall,36.4071112,25.456663652707153
731,732,Switzerland,Zurich,Flight,14,2,4508,Airbnb,Business,Winter,47.3744489,8.5410422
732,733,Spain,Madrid,Car,16,4,482,Hostel,Business,Summer,40.4167047,-3.7035825
733,734,Greece,Santorini,Flight,19,3,4383,Airbnb,Family Visit,Winter,36.4071112,25.456663652707153
734,735,Austria,Innsbruck,Bus,13,5,2525,Hotel,Family Visit,Spring,47.2654296,11.3927685
735,736,France,Nice,Bicycle,12,5,1924,Hotel,Business,Spring,43.7009358,7.2683912
736,737,Switzerland,Lucerne,Flight,2,3,902,Hotel,Family Visit,Summer,47.0505452,8.3054682
737,738,Italy,Venice,Flight,20,5,1504,Airbnb,Family Visit,Spring,45.4371908,12.3345898
738,739,Greece,Santorini,Bus,6,2,3927,Camping,Family Visit,Spring,36.4071112,25.456663652707153
739,740,Spain,Barcelona,Flight,9,1,1484,Hostel,Leisure,Fall,41.3828939,2.1774322
740,741,Italy,Milan,Bicycle,4,1,2055,Airbnb,Leisure,Summer,45.4641943,9.1896346
741,742,Greece,Santorini,Bicycle,11,2,3762,Hostel,Business,Spring,36.4071112,25.456663652707153
742,743,Italy,Venice,Bicycle,11,5,4167,Camping,Family Visit,Fall,45.4371908,12.3345898
743,744,UK,Edinburgh,Bus,15,3,1122,Hostel,Family Visit,Summer,55.9533456,-3.1883749
744,745,France,Paris,Bus,3,1,2359,Hostel,Business,Fall,48.8534951,2.3483915
745,746,Italy,Venice,Car,14,1,2747,Airbnb,Business,Winter,45.4371908,12.3345898
746,747,Greece,Thessaloniki,Car,5,2,2849,Hotel,Family Visit,Winter,40.6403167,22.9352716
747,748,Greece,Thessaloniki,Car,13,1,1237,Hostel,Business,Spring,40.6403167,22.9352716
748,749,Austria,Vienna,Bicycle,3,5,2834,Hotel,Family Visit,Fall,48.2083537,16.3725042
749,750,Austria,Innsbruck,Car,17,3,4095,Airbnb,Family Visit,Summer,47.2654296,11.3927685
750,751,Austria,Vienna,Bus,20,5,897,Hostel,Business,Spring,48.2083537,16.3725042
751,752,Switzerland,Zurich,Bus,5,5,1243,Hostel,Business,Fall,47.3744489,8.5410422
752,753,Italy,Rome,Train,11,3,2028,Hostel,Family Visit,Spring,41.8933203,12.4829321
753,754,Netherlands,Utrecht,Bus,7,5,2223,Hotel,Family Visit,Winter,52.0907006,5.1215634
754,755,Germany,Berlin,Car,8,5,2285,Hostel,Family Visit,Fall,52.510885,13.3989367
755,756,France,Paris,Car,15,4,4483,Airbnb,Leisure,Summer,48.8534951,2.3483915
756,757,Switzerland,Geneva,Bicycle,14,4,2520,Airbnb,Family Visit,Spring,46.2017559,6.1466014
757,758,Greece,Santorini,Train,8,4,3492,Hostel,Business,Summer,36.4071112,25.456663652707153
758,759,France,Paris,Bus,15,3,4631,Hotel,Family Visit,Spring,48.8534951,2.3483915
759,760,Switzerland,Lucerne,Flight,5,2,793,Hostel,Leisure,Fall,47.0505452,8.3054682
760,761,Netherlands,Utrecht,Bus,20,4,4355,Hostel,Family Visit,Summer,52.0907006,5.1215634
761,762,Portugal,Faro,Flight,20,1,3590,Hotel,Leisure,Fall,37.24480855,-8.150756196275431
762,763,Switzerland,Lucerne,Train,15,3,4701,Hostel,Family Visit,Spring,47.0505452,8.3054682
763,764,France,Paris,Flight,14,4,741,Airbnb,Leisure,Fall,48.8534951,2.3483915
764,765,Portugal,Lisbon,Bicycle,7,5,3174,Hotel,Leisure,Fall,38.7077507,-9.1365919
765,766,Netherlands,Utrecht,Flight,5,3,631,Hostel,Leisure,Fall,52.0907006,5.1215634
766,767,Austria,Innsbruck,Flight,14,4,4478,Camping,Business,Winter,47.2654296,11.3927685
767,768,Switzerland,Zurich,Flight,18,1,1369,Hotel,Leisure,Fall,47.3744489,8.5410422
768,769,Greece,Athens,Flight,18,3,675,Hotel,Leisure,Spring,37.9755648,23.7348324
769,770,Switzerland,Geneva,Car,16,3,1219,Airbnb,Business,Spring,46.2017559,6.1466014
770,771,UK,Edinburgh,Train,14,1,2648,Hostel,Family Visit,Winter,55.9533456,-3.1883749
771,772,Switzerland,Lucerne,Bicycle,7,4,859,Hotel,Business,Summer,47.0505452,8.3054682
772,773,Portugal,Faro,Train,17,3,598,Airbnb,Business,Winter,37.24480855,-8.150756196275431
773,774,Germany,Berlin,Train,7,4,274,Hostel,Family Visit,Fall,52.510885,13.3989367
774,775,Spain,Madrid,Flight,8,1,4897,Camping,Family Visit,Fall,40.4167047,-3.7035825
775,776,Netherlands,Amsterdam,Bus,17,5,699,Camping,Business,Spring,52.3730796,4.8924534
776,777,Germany,Hamburg,Car,11,2,3896,Camping,Leisure,Summer,53.550341,10.000654
777,778,Netherlands,Utrecht,Train,14,1,2100,Airbnb,Family Visit,Summer,52.0907006,5.1215634
778,779,France,Paris,Bus,20,5,4186,Hotel,Leisure,Spring,48.8534951,2.3483915
779,780,Portugal,Faro,Car,11,3,4876,Airbnb,Business,Summer,37.24480855,-8.150756196275431
780,781,Switzerland,Zurich,Flight,6,4,2296,Hostel,Business,Spring,47.3744489,8.5410422
781,782,Germany,Berlin,Car,11,5,2603,Camping,Leisure,Spring,52.510885,13.3989367
782,783,France,Lyon,Bicycle,7,2,3531,Hostel,Business,Summer,45.7578137,4.8320114
783,784,Italy,Venice,Flight,8,2,3178,Airbnb,Business,Winter,45.4371908,12.3345898
784,785,Portugal,Faro,Bicycle,2,1,2859,Camping,Family Visit,Fall,37.24480855,-8.150756196275431
785,786,Austria,Vienna,Bicycle,7,1,885,Hotel,Leisure,Summer,48.2083537,16.3725042
786,787,Italy,Venice,Train,13,4,1819,Airbnb,Business,Winter,45.4371908,12.3345898
787,788,UK,Manchester,Bicycle,5,5,1631,Camping,Leisure,Fall,53.4794892,-2.2451148
788,789,France,Lyon,Flight,13,2,2661,Airbnb,Leisure,Winter,45.7578137,4.8320114
789,790,Germany,Hamburg,Car,8,3,2174,Camping,Leisure,Winter,53.550341,10.000654
790,791,Portugal,Porto,Car,15,2,3671,Hotel,Family Visit,Winter,41.23668845,-8.302018317104206
791,792,Austria,Innsbruck,Car,11,1,404,Hostel,Leisure,Fall,47.2654296,11.3927685
792,793,Netherlands,Rotterdam,Flight,7,4,1040,Camping,Leisure,Spring,51.9244424,4.47775
793,794,Netherlands,Utrecht,Bus,14,4,1919,Camping,Leisure,Spring,52.0907006,5.1215634
794,795,Spain,Seville,Train,12,4,2497,Camping,Family Visit,Fall,37.3886303,-5.9953403
795,796,Austria,Salzburg,Train,12,1,889,Airbnb,Leisure,Spring,47.7981346,13.0464806
796,797,Germany,Munich,Bicycle,2,3,3341,Hostel,Family Visit,Fall,48.1371079,11.5753822
797,798,Austria,Salzburg,Train,16,2,871,Airbnb,Business,Fall,47.7981346,13.0464806
798,799,Austria,Salzburg,Bicycle,12,4,3926,Hotel,Business,Fall,47.7981346,13.0464806
799,800,Spain,Seville,Bicycle,17,5,1649,Airbnb,Business,Summer,37.3886303,-5.9953403
800,801,UK,Manchester,Train,13,1,4460,Hotel,Business,Fall,53.4794892,-2.2451148
801,802,Germany,Munich,Car,19,5,3870,Hotel,Family Visit,Summer,48.1371079,11.5753822
802,803,UK,London,Bus,6,1,2138,Hotel,Family Visit,Summer,51.5074456,-0.1277653
803,804,UK,London,Bicycle,20,1,4679,Hostel,Business,Fall,51.5074456,-0.1277653
804,805,Germany,Hamburg,Bus,13,1,624,Hostel,Business,Spring,53.550341,10.000654
805,806,Italy,Rome,Bicycle,2,2,4924,Camping,Family Visit,Summer,41.8933203,12.4829321
806,807,Portugal,Lisbon,Flight,5,2,797,Camping,Business,Spring,38.7077507,-9.1365919
807,808,France,Nice,Bus,2,1,1887,Airbnb,Family Visit,Spring,43.7009358,7.2683912
808,809,Germany,Berlin,Bus,3,4,2290,Camping,Family Visit,Spring,52.510885,13.3989367
809,810,Greece,Thessaloniki,Flight,10,1,4824,Camping,Family Visit,Spring,40.6403167,22.9352716
810,811,Germany,Hamburg,Bus,3,2,3848,Hostel,Leisure,Fall,53.550341,10.000654
811,812,Italy,Venice,Flight,11,5,3788,Camping,Leisure,Spring,45.4371908,12.3345898
812,813,Portugal,Porto,Flight,3,1,3337,Hotel,Family Visit,Spring,41.23668845,-8.302018317104206
813,814,Greece,Athens,Car,11,2,3415,Hotel,Business,Winter,37.9755648,23.7348324
814,815,Greece,Athens,Bicycle,17,3,4932,Airbnb,Business,Winter,37.9755648,23.7348324
815,816,Greece,Santorini,Bicycle,8,4,543,Hostel,Family Visit,Winter,36.4071112,25.456663652707153
816,817,Portugal,Porto,Train,16,4,4866,Camping,Business,Summer,41.23668845,-8.302018317104206
817,818,France,Paris,Bus,11,3,1927,Camping,Family Visit,Spring,48.8534951,2.3483915
818,819,France,Lyon,Bicycle,20,1,2279,Camping,Business,Fall,45.7578137,4.8320114
819,820,Switzerland,Zurich,Bicycle,8,5,4827,Airbnb,Family Visit,Summer,47.3744489,8.5410422
820,821,UK,Manchester,Bicycle,5,4,2991,Camping,Family Visit,Spring,53.4794892,-2.2451148
821,822,France,Nice,Flight,16,4,981,Hotel,Leisure,Fall,43.7009358,7.2683912
822,823,Greece,Thessaloniki,Bicycle,10,2,4067,Camping,Business,Fall,40.6403167,22.9352716
823,824,Switzerland,Geneva,Train,18,2,4170,Camping,Leisure,Winter,46.2017559,6.1466014
824,825,Netherlands,Utrecht,Car,9,4,1777,Hostel,Leisure,Fall,52.0907006,5.1215634
825,826,Germany,Munich,Flight,4,4,2014,Airbnb,Leisure,Winter,48.1371079,11.5753822
826,827,Germany,Munich,Bicycle,19,3,4602,Hotel,Leisure,Winter,48.1371079,11.5753822
827,828,France,Nice,Flight,12,4,3857,Hotel,Family Visit,Summer,43.7009358,7.2683912
828,829,Spain,Madrid,Bus,9,4,675,Hotel,Business,Summer,40.4167047,-3.7035825
829,830,Netherlands,Utrecht,Car,10,4,684,Camping,Business,Fall,52.0907006,5.1215634
830,831,France,Paris,Bicycle,9,1,4854,Camping,Business,Winter,48.8534951,2.3483915
831,832,Spain,Madrid,Bicycle,16,2,4763,Hotel,Business,Spring,40.4167047,-3.7035825
832,833,Switzerland,Lucerne,Bicycle,7,4,3022,Airbnb,Business,Winter,47.0505452,8.3054682
833,834,Portugal,Porto,Car,17,3,3124,Airbnb,Leisure,Winter,41.23668845,-8.302018317104206
834,835,Greece,Thessaloniki,Bicycle,4,3,2098,Camping,Business,Summer,40.6403167,22.9352716
835,836,Switzerland,Geneva,Flight,9,1,2467,Airbnb,Family Visit,Summer,46.2017559,6.1466014
836,837,France,Nice,Train,2,5,887,Camping,Business,Fall,43.7009358,7.2683912
837,838,Austria,Salzburg,Train,12,5,2507,Hostel,Business,Spring,47.7981346,13.0464806
838,839,Germany,Hamburg,Train,7,3,2791,Camping,Business,Winter,53.550341,10.000654
839,840,France,Nice,Bus,10,4,4158,Camping,Business,Summer,43.7009358,7.2683912
840,841,Netherlands,Rotterdam,Flight,17,1,774,Airbnb,Leisure,Spring,51.9244424,4.47775
841,842,Italy,Venice,Bicycle,14,5,3804,Airbnb,Leisure,Spring,45.4371908,12.3345898
842,843,Germany,Hamburg,Flight,14,2,1483,Airbnb,Business,Spring,53.550341,10.000654
843,844,Italy,Rome,Bicycle,7,2,1794,Airbnb,Business,Fall,41.8933203,12.4829321
844,845,UK,Manchester,Car,6,1,2600,Camping,Family Visit,Winter,53.4794892,-2.2451148
845,846,Italy,Rome,Car,5,1,2139,Camping,Business,Summer,41.8933203,12.4829321
846,847,Portugal,Porto,Bus,3,2,3269,Hotel,Leisure,Fall,41.23668845,-8.302018317104206
847,848,Switzerland,Lucerne,Car,6,3,3747,Hostel,Leisure,Winter,47.0505452,8.3054682
848,849,UK,London,Car,10,4,3757,Hotel,Family Visit,Summer,51.5074456,-0.1277653
849,850,France,Paris,Car,19,3,3190,Airbnb,Leisure,Winter,48.8534951,2.3483915
850,851,Spain,Madrid,Flight,13,4,2704,Hostel,Business,Summer,40.4167047,-3.7035825
851,852,Switzerland,Geneva,Flight,3,3,787,Camping,Leisure,Spring,46.2017559,6.1466014
852,853,Greece,Thessaloniki,Bicycle,17,5,4031,Hostel,Business,Spring,40.6403167,22.9352716
853,854,Germany,Berlin,Car,2,5,1898,Camping,Business,Spring,52.510885,13.3989367
854,855,Italy,Venice,Flight,3,1,4633,Camping,Leisure,Fall,45.4371908,12.3345898
855,856,Spain,Barcelona,Flight,12,1,2526,Camping,Business,Fall,41.3828939,2.1774322
856,857,UK,Manchester,Bicycle,17,1,1874,Camping,Family Visit,Winter,53.4794892,-2.2451148
857,858,Portugal,Lisbon,Bus,16,3,1130,Airbnb,Business,Summer,38.7077507,-9.1365919
858,859,Germany,Munich,Car,2,4,3140,Airbnb,Leisure,Spring,48.1371079,11.5753822
859,860,Germany,Munich,Car,17,2,1289,Hotel,Business,Summer,48.1371079,11.5753822
860,861,Germany,Munich,Flight,4,4,1270,Hotel,Business,Winter,48.1371079,11.5753822
861,862,Switzerland,Zurich,Car,8,1,4419,Hostel,Family Visit,Fall,47.3744489,8.5410422
862,863,Germany,Berlin,Flight,2,3,641,Airbnb,Family Visit,Summer,52.510885,13.3989367
863,864,Austria,Innsbruck,Bicycle,16,5,1536,Camping,Business,Summer,47.2654296,11.3927685
864,865,Switzerland,Lucerne,Train,15,4,659,Airbnb,Family Visit,Spring,47.0505452,8.3054682
865,866,Austria,Innsbruck,Bus,18,1,4138,Camping,Family Visit,Winter,47.2654296,11.3927685
866,867,Switzerland,Lucerne,Train,14,2,1338,Camping,Leisure,Winter,47.0505452,8.3054682
867,868,Germany,Berlin,Bicycle,2,3,2654,Airbnb,Leisure,Winter,52.510885,13.3989367
868,869,Spain,Seville,Flight,3,4,4796,Hostel,Family Visit,Fall,37.3886303,-5.9953403
869,870,Austria,Salzburg,Train,9,3,4117,Airbnb,Family Visit,Winter,47.7981346,13.0464806
870,871,Greece,Athens,Flight,18,1,623,Hotel,Family Visit,Fall,37.9755648,23.7348324
871,872,UK,Manchester,Car,15,2,1950,Airbnb,Family Visit,Spring,53.4794892,-2.2451148
872,873,Germany,Munich,Bicycle,17,1,4378,Hostel,Leisure,Winter,48.1371079,11.5753822
873,874,France,Paris,Train,15,3,3146,Airbnb,Leisure,Fall,48.8534951,2.3483915
874,875,Portugal,Lisbon,Flight,11,3,2531,Hotel,Family Visit,Fall,38.7077507,-9.1365919
875,876,Greece,Thessaloniki,Car,14,1,3010,Hostel,Family Visit,Spring,40.6403167,22.9352716
876,877,Germany,Munich,Train,20,4,4693,Airbnb,Business,Spring,48.1371079,11.5753822
877,878,France,Paris,Train,7,5,2923,Hostel,Business,Summer,48.8534951,2.3483915
878,879,Spain,Barcelona,Flight,9,1,485,Hostel,Business,Fall,41.3828939,2.1774322
879,880,Italy,Venice,Bus,10,1,3647,Hostel,Business,Winter,45.4371908,12.3345898
880,881,France,Lyon,Car,15,3,1962,Camping,Business,Winter,45.7578137,4.8320114
881,882,UK,Manchester,Car,10,3,2581,Hostel,Leisure,Winter,53.4794892,-2.2451148
882,883,Portugal,Faro,Car,10,4,267,Camping,Family Visit,Winter,37.24480855,-8.150756196275431
883,884,Netherlands,Rotterdam,Flight,9,2,4208,Hostel,Business,Spring,51.9244424,4.47775
884,885,Switzerland,Zurich,Train,17,5,1285,Hostel,Business,Fall,47.3744489,8.5410422
885,886,Switzerland,Lucerne,Bus,18,4,978,Hotel,Business,Spring,47.0505452,8.3054682
886,887,France,Lyon,Bicycle,15,2,1692,Camping,Leisure,Fall,45.7578137,4.8320114
887,888,Portugal,Lisbon,Flight,6,4,4140,Airbnb,Leisure,Fall,38.7077507,-9.1365919
888,889,Spain,Barcelona,Bus,4,4,2244,Hostel,Business,Winter,41.3828939,2.1774322
889,890,Italy,Venice,Car,10,5,1258,Hotel,Leisure,Summer,45.4371908,12.3345898
890,891,Austria,Salzburg,Flight,18,2,927,Camping,Family Visit,Fall,47.7981346,13.0464806
891,892,UK,Manchester,Flight,2,5,542,Hotel,Business,Winter,53.4794892,-2.2451148
892,893,Germany,Hamburg,Bicycle,16,4,3859,Hotel,Leisure,Winter,53.550341,10.000654
893,894,Italy,Venice,Car,15,1,4954,Camping,Family Visit,Spring,45.4371908,12.3345898
894,895,Spain,Barcelona,Bicycle,9,5,1773,Camping,Business,Summer,41.3828939,2.1774322
895,896,Portugal,Faro,Car,20,4,2046,Airbnb,Family Visit,Fall,37.24480855,-8.150756196275431
896,897,Spain,Barcelona,Bus,8,4,971,Airbnb,Business,Summer,41.3828939,2.1774322
897,898,Spain,Seville,Train,13,5,778,Camping,Business,Summer,37.3886303,-5.9953403
898,899,Netherlands,Utrecht,Bicycle,13,2,2207,Hostel,Family Visit,Summer,52.0907006,5.1215634
899,900,Austria,Vienna,Flight,3,3,3198,Camping,Family Visit,Fall,48.2083537,16.3725042
900,901,UK,London,Bicycle,10,1,1310,Hotel,Business,Summer,51.5074456,-0.1277653
901,902,Switzerland,Lucerne,Bicycle,7,1,3993,Hostel,Business,Summer,47.0505452,8.3054682
902,903,UK,London,Bicycle,18,5,4557,Airbnb,Business,Spring,51.5074456,-0.1277653
903,904,UK,Edinburgh,Train,9,3,3651,Airbnb,Family Visit,Spring,55.9533456,-3.1883749
904,905,Switzerland,Lucerne,Flight,11,1,4736,Hotel,Business,Summer,47.0505452,8.3054682
905,906,Italy,Venice,Car,14,1,341,Camping,Leisure,Spring,45.4371908,12.3345898
906,907,Spain,Seville,Flight,4,5,4996,Airbnb,Leisure,Winter,37.3886303,-5.9953403
907,908,Italy,Rome,Flight,7,1,1525,Hotel,Family Visit,Fall,41.8933203,12.4829321
908,909,Portugal,Faro,Car,18,3,4699,Hotel,Family Visit,Fall,37.24480855,-8.150756196275431
909,910,Switzerland,Geneva,Bicycle,2,2,540,Airbnb,Leisure,Fall,46.2017559,6.1466014
910,911,Netherlands,Amsterdam,Car,18,2,2629,Hostel,Business,Winter,52.3730796,4.8924534
911,912,Portugal,Lisbon,Train,10,1,4848,Airbnb,Leisure,Winter,38.7077507,-9.1365919
912,913,Greece,Santorini,Train,18,5,3066,Hostel,Family Visit,Summer,36.4071112,25.456663652707153
913,914,Germany,Berlin,Flight,8,1,4692,Hotel,Leisure,Summer,52.510885,13.3989367
914,915,Netherlands,Amsterdam,Flight,12,3,1556,Airbnb,Leisure,Summer,52.3730796,4.8924534
915,916,Austria,Innsbruck,Flight,15,5,4296,Airbnb,Family Visit,Winter,47.2654296,11.3927685
916,917,Portugal,Porto,Flight,9,4,218,Airbnb,Leisure,Winter,41.23668845,-8.302018317104206
917,918,Greece,Santorini,Train,13,5,1332,Hotel,Family Visit,Spring,36.4071112,25.456663652707153
918,919,Portugal,Faro,Bicycle,13,5,3511,Airbnb,Family Visit,Summer,37.24480855,-8.150756196275431
919,920,Austria,Vienna,Flight,2,5,1187,Airbnb,Business,Winter,48.2083537,16.3725042
920,921,Greece,Santorini,Flight,6,1,373,Camping,Leisure,Spring,36.4071112,25.456663652707153
921,922,Germany,Hamburg,Bus,14,1,2075,Camping,Leisure,Spring,53.550341,10.000654
922,923,Netherlands,Amsterdam,Flight,19,2,4233,Hotel,Family Visit,Fall,52.3730796,4.8924534
923,924,UK,London,Bus,5,1,2886,Hostel,Family Visit,Winter,51.5074456,-0.1277653
924,925,UK,London,Bus,5,2,1974,Airbnb,Family Visit,Summer,51.5074456,-0.1277653
925,926,Spain,Seville,Bicycle,9,4,4008,Camping,Business,Fall,37.3886303,-5.9953403
926,927,France,Lyon,Train,13,2,2902,Hotel,Leisure,Fall,45.7578137,4.8320114
927,928,Italy,Rome,Bicycle,10,2,4068,Hotel,Leisure,Summer,41.8933203,12.4829321
928,929,Austria,Salzburg,Bicycle,10,2,2697,Airbnb,Leisure,Fall,47.7981346,13.0464806
929,930,Austria,Salzburg,Bus,20,3,2196,Camping,Business,Summer,47.7981346,13.0464806
930,931,Netherlands,Utrecht,Bus,11,2,4858,Airbnb,Business,Winter,52.0907006,5.1215634
931,932,France,Lyon,Bicycle,10,1,970,Camping,Family Visit,Summer,45.7578137,4.8320114
932,933,Portugal,Lisbon,Car,7,3,4924,Airbnb,Leisure,Winter,38.7077507,-9.1365919
933,934,Portugal,Lisbon,Bus,3,5,586,Airbnb,Leisure,Winter,38.7077507,-9.1365919
934,935,Germany,Hamburg,Flight,17,2,4208,Airbnb,Family Visit,Winter,53.550341,10.000654
935,936,Italy,Rome,Car,13,3,2482,Hostel,Leisure,Winter,41.8933203,12.4829321
936,937,Italy,Rome,Train,2,5,2198,Hotel,Family Visit,Winter,41.8933203,12.4829321
937,938,Austria,Vienna,Train,6,5,4869,Hostel,Family Visit,Fall,48.2083537,16.3725042
938,939,Greece,Thessaloniki,Car,18,1,1631,Hotel,Family Visit,Fall,40.6403167,22.9352716
939,940,Austria,Salzburg,Bus,7,4,2524,Hotel,Family Visit,Summer,47.7981346,13.0464806
940,941,Portugal,Faro,Bus,12,2,2858,Hostel,Leisure,Winter,37.24480855,-8.150756196275431
941,942,Greece,Athens,Train,14,1,4220,Camping,Business,Fall,37.9755648,23.7348324
942,943,Switzerland,Geneva,Bus,7,2,3459,Hotel,Family Visit,Fall,46.2017559,6.1466014
943,944,Switzerland,Zurich,Bicycle,13,2,2023,Hotel,Family Visit,Winter,47.3744489,8.5410422
944,945,Switzerland,Geneva,Bicycle,4,3,3443,Hostel,Leisure,Winter,46.2017559,6.1466014
945,946,Germany,Munich,Car,16,1,3334,Hostel,Family Visit,Summer,48.1371079,11.5753822
946,947,Austria,Vienna,Flight,9,3,2241,Hotel,Business,Winter,48.2083537,16.3725042
947,948,Switzerland,Lucerne,Bus,5,4,4200,Hotel,Leisure,Spring,47.0505452,8.3054682
948,949,Switzerland,Lucerne,Bicycle,8,2,3180,Camping,Family Visit,Summer,47.0505452,8.3054682
949,950,Greece,Santorini,Bus,8,4,1791,Airbnb,Business,Winter,36.4071112,25.456663652707153
950,951,Switzerland,Geneva,Bus,2,1,2806,Airbnb,Business,Fall,46.2017559,6.1466014
951,952,Spain,Madrid,Flight,20,5,3473,Camping,Leisure,Fall,40.4167047,-3.7035825
952,953,Austria,Vienna,Bicycle,19,4,1642,Airbnb,Family Visit,Winter,48.2083537,16.3725042
953,954,Netherlands,Rotterdam,Bus,12,3,4421,Hostel,Family Visit,Spring,51.9244424,4.47775
954,955,UK,Manchester,Car,12,1,3128,Camping,Business,Spring,53.4794892,-2.2451148
955,956,Germany,Hamburg,Bus,7,5,1129,Airbnb,Business,Fall,53.550341,10.000654
956,957,Portugal,Faro,Flight,17,4,1663,Hostel,Business,Summer,37.24480855,-8.150756196275431
957,958,Portugal,Porto,Flight,13,1,1254,Camping,Business,Winter,41.23668845,-8.302018317104206
958,959,Portugal,Porto,Car,5,1,2100,Hotel,Family Visit,Spring,41.23668845,-8.302018317104206
959,960,Portugal,Lisbon,Flight,19,5,1599,Camping,Leisure,Spring,38.7077507,-9.1365919
960,961,France,Lyon,Train,4,3,4852,Camping,Business,Spring,45.7578137,4.8320114
961,962,Germany,Berlin,Flight,5,2,1378,Airbnb,Family Visit,Fall,52.510885,13.3989367
962,963,Spain,Barcelona,Flight,15,3,1457,Camping,Family Visit,Fall,41.3828939,2.1774322
963,964,France,Lyon,Flight,20,2,2509,Hostel,Leisure,Fall,45.7578137,4.8320114
964,965,Greece,Athens,Bus,16,5,4837,Camping,Leisure,Spring,37.9755648,23.7348324
965,966,France,Nice,Flight,11,5,2369,Hotel,Family Visit,Winter,43.7009358,7.2683912
966,967,Switzerland,Lucerne,Flight,6,2,323,Hostel,Leisure,Fall,47.0505452,8.3054682
967,968,Greece,Santorini,Flight,6,3,3358,Hostel,Family Visit,Summer,36.4071112,25.456663652707153
968,969,Spain,Seville,Flight,7,4,985,Hotel,Family Visit,Spring,37.3886303,-5.9953403
969,970,Portugal,Lisbon,Bicycle,10,1,996,Hostel,Leisure,Winter,38.7077507,-9.1365919
970,971,Greece,Santorini,Car,14,3,2136,Airbnb,Business,Winter,36.4071112,25.456663652707153
971,972,UK,London,Bicycle,14,4,3340,Airbnb,Leisure,Spring,51.5074456,-0.1277653
972,973,Germany,Munich,Car,6,1,2552,Airbnb,Business,Summer,48.1371079,11.5753822
973,974,Austria,Vienna,Bus,14,2,564,Hotel,Family Visit,Winter,48.2083537,16.3725042
974,975,Austria,Salzburg,Train,20,3,1577,Hostel,Family Visit,Fall,47.7981346,13.0464806
975,976,Spain,Barcelona,Flight,14,3,540,Airbnb,Leisure,Summer,41.3828939,2.1774322
976,977,Italy,Milan,Flight,15,4,1756,Airbnb,Family Visit,Winter,45.4641943,9.1896346
977,978,Netherlands,Rotterdam,Car,13,3,558,Camping,Business,Summer,51.9244424,4.47775
978,979,Italy,Milan,Flight,5,3,3656,Camping,Leisure,Summer,45.4641943,9.1896346
979,980,Greece,Athens,Bicycle,4,5,1334,Hotel,Family Visit,Fall,37.9755648,23.7348324
980,981,Italy,Venice,Bicycle,3,3,3370,Airbnb,Business,Summer,45.4371908,12.3345898
981,982,Germany,Berlin,Car,19,1,3935,Hotel,Family Visit,Winter,52.510885,13.3989367
982,983,Germany,Berlin,Bicycle,20,5,1198,Airbnb,Family Visit,Fall,52.510885,13.3989367
983,984,Italy,Rome,Flight,9,4,856,Airbnb,Family Visit,Spring,41.8933203,12.4829321
984,985,Spain,Barcelona,Car,6,4,2109,Hostel,Family Visit,Winter,41.3828939,2.1774322
985,986,Spain,Madrid,Bicycle,20,3,1340,Airbnb,Family Visit,Summer,40.4167047,-3.7035825
986,987,Portugal,Porto,Car,3,3,2045,Camping,Business,Spring,41.23668845,-8.302018317104206
987,988,Spain,Seville,Flight,14,4,2493,Hotel,Business,Spring,37.3886303,-5.9953403
988,989,UK,London,Car,12,4,1176,Hostel,Leisure,Winter,51.5074456,-0.1277653
989,990,Portugal,Lisbon,Bicycle,10,2,1082,Camping,Business,Winter,38.7077507,-9.1365919
990,991,Germany,Munich,Train,20,2,2867,Camping,Leisure,Spring,48.1371079,11.5753822
991,992,Austria,Innsbruck,Bus,13,4,4877,Camping,Family Visit,Winter,47.2654296,11.3927685
992,993,Portugal,Faro,Train,5,3,3688,Hotel,Leisure,Summer,37.24480855,-8.150756196275431
993,994,Austria,Salzburg,Bicycle,16,3,4999,Hotel,Business,Fall,47.7981346,13.0464806
994,995,UK,Edinburgh,Bus,20,2,3736,Hotel,Business,Summer,55.9533456,-3.1883749
995,996,France,Lyon,Bus,20,5,4002,Hotel,Business,Fall,45.7578137,4.8320114
996,997,Switzerland,Geneva,Bus,19,4,2170,Airbnb,Family Visit,Fall,46.2017559,6.1466014
997,998,Austria,Vienna,Car,16,4,1102,Hotel,Leisure,Fall,48.2083537,16.3725042
998,999,UK,Manchester,Flight,14,3,3319,Hotel,Business,Summer,53.4794892,-2.2451148
999,1000,Austria,Salzburg,Train,10,4,2584,Hostel,Family Visit,Spring,47.7981346,13.0464806
